population_group,measure,location,sex,age,cause,metric,year,val,upper,lower
All Population,Prevalence,Viet Nam,Male,60+ years,Alzheimer's disease and other dementias,Number,2023,117961.49366418502,135972.1823708839,98661.3484599298
All Population,Prevalence,Viet Nam,Female,60+ years,Alzheimer's disease and other dementias,Number,2023,285723.18498288706,329277.4546801532,240301.0071198724
All Population,Prevalence,Viet Nam,Both,60+ years,Alzheimer's disease and other dementias,Number,2023,403684.6786470724,464023.4210378245,340546.65506076725
All Population,Prevalence,Viet Nam,Male,60+ years,Alzheimer's disease and other dementias,Percent,2023,0.0201740952437863,0.0232538314092435,0.0168737695474822
All Population,Prevalence,Viet Nam,Female,60+ years,Alzheimer's disease and other dementias,Percent,2023,0.0352873124232316,0.0406678437495929,0.0296777766612407
All Population,Prevalence,Viet Nam,Both,60+ years,Alzheimer's disease and other dementias,Percent,2023,0.0289499486377799,0.0332784187935929,0.0244216870804787
All Population,Prevalence,France,Male,60+ years,Alzheimer's disease and other dementias,Number,2023,317344.087112599,361958.8018146264,271004.29792774626
All Population,Prevalence,France,Female,60+ years,Alzheimer's disease and other dementias,Number,2023,545325.6486266499,616216.3927941087,476784.6692521308
All Population,Prevalence,France,Both,60+ years,Alzheimer's disease and other dementias,Number,2023,862669.735739248,978444.9216063234,752579.583734363
All Population,Prevalence,France,Male,60+ years,Alzheimer's disease and other dementias,Percent,2023,0.0381712969483911,0.0435364508592965,0.0325986112279951
All Population,Prevalence,France,Female,60+ years,Alzheimer's disease and other dementias,Percent,2023,0.0526323595013698,0.0594704665356705,0.0460220359390861
All Population,Prevalence,France,Both,60+ years,Alzheimer's disease and other dementias,Percent,2023,0.0461945252545889,0.0523919404778662,0.0403015158949298
All Population,Prevalence,North Macedonia,Male,60+ years,Alzheimer's disease and other dementias,Number,2023,6191.393259621115,7242.872548878504,5008.6975339001165
All Population,Prevalence,North Macedonia,Female,60+ years,Alzheimer's disease and other dementias,Number,2023,9884.73534675891,11501.900237957989,8258.730127184921
All Population,Prevalence,North Macedonia,Both,60+ years,Alzheimer's disease and other dementias,Number,2023,16076.128606380023,18647.719732359717,13399.337753787811
All Population,Prevalence,North Macedonia,Male,60+ years,Alzheimer's disease and other dementias,Percent,2023,0.0289930128976292,0.0339166830235338,0.0234551022638384
All Population,Prevalence,North Macedonia,Female,60+ years,Alzheimer's disease and other dementias,Percent,2023,0.0412287428250094,0.0479755305945458,0.0344458647167446
All Population,Prevalence,North Macedonia,Both,60+ years,Alzheimer's disease and other dementias,Percent,2023,0.0354645570467671,0.041140607849016,0.0295590128532654
All Population,Prevalence,Myanmar,Male,60+ years,Alzheimer's disease and other dementias,Number,2023,52336.66993775378,60696.299952901725,44320.65657601517
All Population,Prevalence,Myanmar,Female,60+ years,Alzheimer's disease and other dementias,Number,2023,100461.9070937379,114892.65467106045,84937.73475553573
All Population,Prevalence,Myanmar,Both,60+ years,Alzheimer's disease and other dementias,Number,2023,152798.57703149164,175564.30615614806,129345.0805669295
All Population,Prevalence,Myanmar,Male,60+ years,Alzheimer's disease and other dementias,Percent,2023,0.0201926294309981,0.0234163253538879,0.0170995186468397
All Population,Prevalence,Myanmar,Female,60+ years,Alzheimer's disease and other dementias,Percent,2023,0.0283423541764435,0.0324132094404271,0.0239625113930915
All Population,Prevalence,Myanmar,Both,60+ years,Alzheimer's disease and other dementias,Percent,2023,0.0249001343445899,0.0286092238707822,0.0210776950343993
All Population,Prevalence,Cuba,Male,60+ years,Alzheimer's disease and other dementias,Number,2023,43133.75582637616,49426.37104335066,36909.254753861445
All Population,Prevalence,Cuba,Female,60+ years,Alzheimer's disease and other dementias,Number,2023,64132.71525066967,73845.25939825067,55235.1069952392
All Population,Prevalence,Cuba,Both,60+ years,Alzheimer's disease and other dementias,Number,2023,107266.47107704588,123410.5622103958,91986.04976630482
All Population,Prevalence,Cuba,Male,60+ years,Alzheimer's disease and other dementias,Percent,2023,0.0365136214594977,0.0418397884231334,0.0312444658047954
All Population,Prevalence,Cuba,Female,60+ years,Alzheimer's disease and other dementias,Percent,2023,0.0465362934582952,0.0535835987801135,0.0400811832315579
All Population,Prevalence,Cuba,Both,60+ years,Alzheimer's disease and other dementias,Percent,2023,0.041910322965248,0.0482174048949966,0.0359405480056462
All Population,Prevalence,Russian Federation,Male,60+ years,Alzheimer's disease and other dementias,Number,2023,365482.4930465073,423458.1254628039,306146.644448068
All Population,Prevalence,Russian Federation,Female,60+ years,Alzheimer's disease and other dementias,Number,2023,981872.4498460292,1142650.1807740773,809369.1978409598
All Population,Prevalence,Russian Federation,Both,60+ years,Alzheimer's disease and other dementias,Number,2023,1347354.9428925368,1569946.948059725,1113388.70981282
All Population,Prevalence,Russian Federation,Male,60+ years,Alzheimer's disease and other dementias,Percent,2023,0.0272124185297035,0.0315277003422759,0.022794333918557
All Population,Prevalence,Russian Federation,Female,60+ years,Alzheimer's disease and other dementias,Percent,2023,0.0445994383476692,0.051903341351376,0.0367633730454973
All Population,Prevalence,Russian Federation,Both,60+ years,Alzheimer's disease and other dementias,Percent,2023,0.0380113959328352,0.0442921990329118,0.0314112335427678
All Population,Prevalence,Israel,Male,60+ years,Alzheimer's disease and other dementias,Number,2023,18322.431152399426,21509.43262427584,15010.8936653072
All Population,Prevalence,Israel,Female,60+ years,Alzheimer's disease and other dementias,Number,2023,28421.088662172988,33078.42722724103,23178.8981782582
All Population,Prevalence,Israel,Both,60+ years,Alzheimer's disease and other dementias,Number,2023,46743.51981457242,54011.33442713737,37820.37485638015
All Population,Prevalence,Israel,Male,60+ years,Alzheimer's disease and other dementias,Percent,2023,0.0247015535062882,0.0290028954378306,0.0202440527350753
All Population,Prevalence,Israel,Female,60+ years,Alzheimer's disease and other dementias,Percent,2023,0.0321591365099885,0.0374297322077253,0.0262269155513067
All Population,Prevalence,Israel,Both,60+ years,Alzheimer's disease and other dementias,Percent,2023,0.0287561089093353,0.0332290348337073,0.0232703111679019
All Population,Prevalence,Republic of Moldova,Male,60+ years,Alzheimer's disease and other dementias,Number,2023,10334.556860726649,11946.682598792668,8762.148465211108
All Population,Prevalence,Republic of Moldova,Female,60+ years,Alzheimer's disease and other dementias,Number,2023,23815.4721606924,27648.58906648665,20158.208399666768
All Population,Prevalence,Republic of Moldova,Both,60+ years,Alzheimer's disease and other dementias,Number,2023,34150.02902141902,39514.9915794584,28828.029567117752
All Population,Prevalence,Republic of Moldova,Male,60+ years,Alzheimer's disease and other dementias,Percent,2023,0.0309745418912565,0.0358051372236039,0.0262616211468683
All Population,Prevalence,Republic of Moldova,Female,60+ years,Alzheimer's disease and other dementias,Percent,2023,0.0459962456890761,0.0533988674277192,0.0389336277237422
All Population,Prevalence,Republic of Moldova,Both,60+ years,Alzheimer's disease and other dementias,Percent,2023,0.0401096541347334,0.0464070100629974,0.0338589951617757
All Population,Prevalence,Belize,Male,60+ years,Alzheimer's disease and other dementias,Number,2023,601.2307959815238,699.7842858634154,507.8931953944079
All Population,Prevalence,Belize,Female,60+ years,Alzheimer's disease and other dementias,Number,2023,753.8567572724771,871.0716795831008,644.2587577508913
All Population,Prevalence,Belize,Both,60+ years,Alzheimer's disease and other dementias,Number,2023,1355.0875532540006,1567.8490656282183,1150.58224586146
All Population,Prevalence,Belize,Male,60+ years,Alzheimer's disease and other dementias,Percent,2023,0.0318394200019034,0.0370588260964406,0.0268958226986071
All Population,Prevalence,Belize,Female,60+ years,Alzheimer's disease and other dementias,Percent,2023,0.0404986480904849,0.0467964766808146,0.0346100656196756
All Population,Prevalence,Belize,Both,60+ years,Alzheimer's disease and other dementias,Percent,2023,0.0361379910232922,0.0418121591346514,0.0306832258407745
All Population,Prevalence,Armenia,Male,60+ years,Alzheimer's disease and other dementias,Number,2023,9796.546294611027,11365.142220657071,8377.000435717933
All Population,Prevalence,Armenia,Female,60+ years,Alzheimer's disease and other dementias,Number,2023,18605.4816933262,21470.58998486216,15840.105184579485
All Population,Prevalence,Armenia,Both,60+ years,Alzheimer's disease and other dementias,Number,2023,28402.027987937225,32553.74364442058,24216.39666655004
All Population,Prevalence,Armenia,Male,60+ years,Alzheimer's disease and other dementias,Percent,2023,0.0316295400493001,0.0366945716961974,0.0270495413200698
All Population,Prevalence,Armenia,Female,60+ years,Alzheimer's disease and other dementias,Percent,2023,0.0423322689388051,0.0488526554686552,0.0360427486516492
All Population,Prevalence,Armenia,Both,60+ years,Alzheimer's disease and other dementias,Percent,2023,0.0379078683424858,0.0434513394584833,0.0323231525309801
All Population,Prevalence,Sri Lanka,Male,60+ years,Alzheimer's disease and other dementias,Number,2023,37117.09679419092,43146.1438655252,31340.69955007425
All Population,Prevalence,Sri Lanka,Female,60+ years,Alzheimer's disease and other dementias,Number,2023,58114.04412844697,67625.92066332625,48072.19160885469
All Population,Prevalence,Sri Lanka,Both,60+ years,Alzheimer's disease and other dementias,Number,2023,95231.14092263787,110933.02961773892,80036.39524175947
All Population,Prevalence,Sri Lanka,Male,60+ years,Alzheimer's disease and other dementias,Percent,2023,0.0212040573834798,0.0246466932306968,0.0179035734585855
All Population,Prevalence,Sri Lanka,Female,60+ years,Alzheimer's disease and other dementias,Percent,2023,0.0260954533967401,0.0303647987010562,0.0215873516703759
All Population,Prevalence,Sri Lanka,Both,60+ years,Alzheimer's disease and other dementias,Percent,2023,0.0239427555308042,0.0278896496533235,0.0201228639103705
All Population,Prevalence,Haiti,Male,60+ years,Alzheimer's disease and other dementias,Number,2023,10835.030148124595,12494.881721317792,9185.214894728982
All Population,Prevalence,Haiti,Female,60+ years,Alzheimer's disease and other dementias,Number,2023,15051.90993390991,17420.750165017966,12740.437740391042
All Population,Prevalence,Haiti,Both,60+ years,Alzheimer's disease and other dementias,Number,2023,25886.94008203452,29835.472664618308,21791.571220621063
All Population,Prevalence,Haiti,Male,60+ years,Alzheimer's disease and other dementias,Percent,2023,0.0275212820552785,0.0317371564641067,0.0233302002017336
All Population,Prevalence,Haiti,Female,60+ years,Alzheimer's disease and other dementias,Percent,2023,0.0323658552958277,0.0374594452796058,0.027395200551754
All Population,Prevalence,Haiti,Both,60+ years,Alzheimer's disease and other dementias,Percent,2023,0.0301448509861536,0.0347419388351938,0.0253751223121109
All Population,Prevalence,Papua New Guinea,Male,60+ years,Alzheimer's disease and other dementias,Number,2023,6817.480204277971,7913.561315573725,5757.57051508512
All Population,Prevalence,Papua New Guinea,Female,60+ years,Alzheimer's disease and other dementias,Number,2023,7319.719982362018,8446.912954875375,6204.073371292593
All Population,Prevalence,Papua New Guinea,Both,60+ years,Alzheimer's disease and other dementias,Number,2023,14137.200186639984,16220.2023328997,12028.844282974964
All Population,Prevalence,Papua New Guinea,Male,60+ years,Alzheimer's disease and other dementias,Percent,2023,0.0216051825083183,0.0250785500750579,0.0182461401311084
All Population,Prevalence,Papua New Guinea,Female,60+ years,Alzheimer's disease and other dementias,Percent,2023,0.0279170231054542,0.0322151400455479,0.0236632333864657
All Population,Prevalence,Papua New Guinea,Both,60+ years,Alzheimer's disease and other dementias,Percent,2023,0.0244696634136086,0.028075913428542,0.0208202092310239
All Population,Prevalence,Japan,Male,60+ years,Alzheimer's disease and other dementias,Number,2023,1042220.5908422932,1236252.517459975,865978.7455739048
All Population,Prevalence,Japan,Female,60+ years,Alzheimer's disease and other dementias,Number,2023,2257731.461204224,2654849.978860453,1898967.9211674496
All Population,Prevalence,Japan,Both,60+ years,Alzheimer's disease and other dementias,Number,2023,3299952.052046518,3892909.287208321,2770886.9044538587
All Population,Prevalence,Japan,Male,60+ years,Alzheimer's disease and other dementias,Percent,2023,0.0531985409954627,0.0630940252891609,0.0442034498661019
All Population,Prevalence,Japan,Female,60+ years,Alzheimer's disease and other dementias,Percent,2023,0.0921930534180143,0.1084002120678429,0.0775424579257014
All Population,Prevalence,Japan,Both,60+ years,Alzheimer's disease and other dementias,Percent,2023,0.0748622501409709,0.0883087016631304,0.0628576457824186
All Population,Prevalence,Fiji,Male,60+ years,Alzheimer's disease and other dementias,Number,2023,886.8293943730923,1037.4103633280315,746.6586473512497
All Population,Prevalence,Fiji,Female,60+ years,Alzheimer's disease and other dementias,Number,2023,1593.9276420046413,1848.8435515138983,1320.2898606067506
All Population,Prevalence,Fiji,Both,60+ years,Alzheimer's disease and other dementias,Number,2023,2480.7570363777327,2879.2991465268915,2069.129461854557
All Population,Prevalence,Fiji,Male,60+ years,Alzheimer's disease and other dementias,Percent,2023,0.0197615068548236,0.0231168316583218,0.0166388581564831
All Population,Prevalence,Fiji,Female,60+ years,Alzheimer's disease and other dementias,Percent,2023,0.0302292131755135,0.0350636473640645,0.0250401592130297
All Population,Prevalence,Fiji,Both,60+ years,Alzheimer's disease and other dementias,Percent,2023,0.0254163787231364,0.0294999903670403,0.0211998439059486
All Population,Prevalence,Poland,Male,60+ years,Alzheimer's disease and other dementias,Number,2023,129617.16129146048,152343.74650662573,104342.2431075807
All Population,Prevalence,Poland,Female,60+ years,Alzheimer's disease and other dementias,Number,2023,295069.0930568049,344739.85020953347,246542.05338702648
All Population,Prevalence,Poland,Both,60+ years,Alzheimer's disease and other dementias,Number,2023,424686.25434826495,493880.9516333133,350217.0383240642
All Population,Prevalence,Poland,Male,60+ years,Alzheimer's disease and other dementias,Percent,2023,0.0308581513666435,0.0362675511389607,0.0248422933197073
All Population,Prevalence,Poland,Female,60+ years,Alzheimer's disease and other dementias,Percent,2023,0.0508444691909582,0.0594037465050594,0.0424846567955212
All Population,Prevalence,Poland,Both,60+ years,Alzheimer's disease and other dementias,Percent,2023,0.042452554896891,0.0493675594799951,0.0350087755865463
All Population,Prevalence,Greece,Male,60+ years,Alzheimer's disease and other dementias,Number,2023,96529.52341222364,112448.21663726782,80079.9219633044
All Population,Prevalence,Greece,Female,60+ years,Alzheimer's disease and other dementias,Number,2023,148559.5992544856,174569.84924064146,123539.53051736
All Population,Prevalence,Greece,Both,60+ years,Alzheimer's disease and other dementias,Number,2023,245089.12266670924,285853.1363463972,203789.37833623064
All Population,Prevalence,Greece,Male,60+ years,Alzheimer's disease and other dementias,Percent,2023,0.0668273264519024,0.0778447057213514,0.0554411660732705
All Population,Prevalence,Greece,Female,60+ years,Alzheimer's disease and other dementias,Percent,2023,0.0866910841299066,0.1018654921731204,0.0721050386406459
All Population,Prevalence,Greece,Both,60+ years,Alzheimer's disease and other dementias,Percent,2023,0.0776058177912248,0.0905139142482719,0.0645418201133445
All Population,Prevalence,Maldives,Male,60+ years,Alzheimer's disease and other dementias,Number,2023,401.32725834352414,464.08487754551857,339.54647908756715
All Population,Prevalence,Maldives,Female,60+ years,Alzheimer's disease and other dementias,Number,2023,461.3884877522849,537.0864342750787,390.8401985381278
All Population,Prevalence,Maldives,Both,60+ years,Alzheimer's disease and other dementias,Number,2023,862.7157460958083,1001.6423954554158,733.5152004924414
All Population,Prevalence,Maldives,Male,60+ years,Alzheimer's disease and other dementias,Percent,2023,0.0210908401762851,0.0243905653713934,0.0178427072724336
All Population,Prevalence,Maldives,Female,60+ years,Alzheimer's disease and other dementias,Percent,2023,0.0259482359162453,0.0302045058577197,0.0219808981467819
All Population,Prevalence,Maldives,Both,60+ years,Alzheimer's disease and other dementias,Percent,2023,0.0234372316051938,0.0272116446874569,0.0199266008007078
All Population,Prevalence,Mongolia,Male,60+ years,Alzheimer's disease and other dementias,Number,2023,2827.046358709622,3267.288609371828,2446.253630164444
All Population,Prevalence,Mongolia,Female,60+ years,Alzheimer's disease and other dementias,Number,2023,5588.384709890896,6458.420101133714,4795.018816192872
All Population,Prevalence,Mongolia,Both,60+ years,Alzheimer's disease and other dementias,Number,2023,8415.431068600517,9683.273968425152,7241.414058541282
All Population,Prevalence,Mongolia,Male,60+ years,Alzheimer's disease and other dementias,Percent,2023,0.024733113425298,0.0285855824306341,0.0214016925870812
All Population,Prevalence,Mongolia,Female,60+ years,Alzheimer's disease and other dementias,Percent,2023,0.0334873265708789,0.0387039113259875,0.0287320893883256
All Population,Prevalence,Mongolia,Both,60+ years,Alzheimer's disease and other dementias,Percent,2023,0.0299286990516012,0.0344376784706347,0.0257530193365849
All Population,Prevalence,Chile,Male,60+ years,Alzheimer's disease and other dementias,Number,2023,60920.88913747237,71296.89482082512,51811.0533925386
All Population,Prevalence,Chile,Female,60+ years,Alzheimer's disease and other dementias,Number,2023,110094.1210308896,129195.92829445453,93658.82851246205
All Population,Prevalence,Chile,Both,60+ years,Alzheimer's disease and other dementias,Number,2023,171015.01016836186,199029.6271311998,145683.5871407795
All Population,Prevalence,Chile,Male,60+ years,Alzheimer's disease and other dementias,Percent,2023,0.0381449504396498,0.0446409702285681,0.0324399240459174
All Population,Prevalence,Chile,Female,60+ years,Alzheimer's disease and other dementias,Percent,2023,0.0554702538355611,0.0650967765080779,0.0471892409343791
All Population,Prevalence,Chile,Both,60+ years,Alzheimer's disease and other dementias,Percent,2023,0.0477451386374009,0.0555682735536299,0.0406726765616209
All Population,Prevalence,Samoa,Male,60+ years,Alzheimer's disease and other dementias,Number,2023,275.5210170700644,318.7396713503905,228.0498125218918
All Population,Prevalence,Samoa,Female,60+ years,Alzheimer's disease and other dementias,Number,2023,418.1227537749794,481.4992167379486,342.04295809359246
All Population,Prevalence,Samoa,Both,60+ years,Alzheimer's disease and other dementias,Number,2023,693.6437708450438,798.946948554007,571.2759966930561
All Population,Prevalence,Samoa,Male,60+ years,Alzheimer's disease and other dementias,Percent,2023,0.0268741588270268,0.0310887503835885,0.022242901869977
All Population,Prevalence,Samoa,Female,60+ years,Alzheimer's disease and other dementias,Percent,2023,0.0393358666857285,0.0452999818130418,0.0321789130017734
All Population,Prevalence,Samoa,Both,60+ years,Alzheimer's disease and other dementias,Percent,2023,0.0332175897677283,0.0382620258049671,0.0273598805664806
All Population,Prevalence,Bolivia (Plurinational State of),Male,60+ years,Alzheimer's disease and other dementias,Number,2023,11489.290076630876,13370.566236349376,9717.191591058048
All Population,Prevalence,Bolivia (Plurinational State of),Female,60+ years,Alzheimer's disease and other dementias,Number,2023,19996.76978350031,23268.265414322435,17199.359612178716
All Population,Prevalence,Bolivia (Plurinational State of),Both,60+ years,Alzheimer's disease and other dementias,Number,2023,31486.0598601312,36608.663993170354,27072.76513751387
All Population,Prevalence,Bolivia (Plurinational State of),Male,60+ years,Alzheimer's disease and other dementias,Percent,2023,0.0215199607588437,0.0250438802236827,0.0182009431277993
All Population,Prevalence,Bolivia (Plurinational State of),Female,60+ years,Alzheimer's disease and other dementias,Percent,2023,0.0310967706255562,0.0361843193136672,0.026746454750046
All Population,Prevalence,Bolivia (Plurinational State of),Both,60+ years,Alzheimer's disease and other dementias,Percent,2023,0.0267524854222632,0.031103964315009,0.0230026483431312
All Population,Prevalence,Andorra,Male,60+ years,Alzheimer's disease and other dementias,Number,2023,482.2889366063733,552.4322964952357,402.30112756398535
All Population,Prevalence,Andorra,Female,60+ years,Alzheimer's disease and other dementias,Number,2023,678.7053203683297,781.7968704177547,558.319748960413
All Population,Prevalence,Andorra,Both,60+ years,Alzheimer's disease and other dementias,Number,2023,1160.994256974702,1329.561224350497,962.6637588612208
All Population,Prevalence,Andorra,Male,60+ years,Alzheimer's disease and other dementias,Percent,2023,0.0465458420284959,0.0533375505025313,0.0388259265712119
All Population,Prevalence,Andorra,Female,60+ years,Alzheimer's disease and other dementias,Percent,2023,0.065665306059386,0.0756378423671306,0.0540132605028432
All Population,Prevalence,Andorra,Both,60+ years,Alzheimer's disease and other dementias,Percent,2023,0.0560936732752598,0.0642453439863341,0.0465155266089617
All Population,Prevalence,Malta,Male,60+ years,Alzheimer's disease and other dementias,Number,2023,2656.652101893644,3087.144221549905,2201.261469328409
All Population,Prevalence,Malta,Female,60+ years,Alzheimer's disease and other dementias,Number,2023,4229.684551501043,4895.34273586124,3517.98402688549
All Population,Prevalence,Malta,Both,60+ years,Alzheimer's disease and other dementias,Number,2023,6886.336653394693,7969.03046110155,5698.598585313706
All Population,Prevalence,Malta,Male,60+ years,Alzheimer's disease and other dementias,Percent,2023,0.0411613865308971,0.0478224400144389,0.0341261557597619
All Population,Prevalence,Malta,Female,60+ years,Alzheimer's disease and other dementias,Percent,2023,0.0597838371158137,0.0692052098708079,0.049730228840842
All Population,Prevalence,Malta,Both,60+ years,Alzheimer's disease and other dementias,Percent,2023,0.0508998148635233,0.058905764363921,0.0421191620904759
All Population,Prevalence,Austria,Male,60+ years,Alzheimer's disease and other dementias,Number,2023,46992.65382512824,55452.610981424776,38878.30053007527
All Population,Prevalence,Austria,Female,60+ years,Alzheimer's disease and other dementias,Number,2023,84061.11002017125,97951.18103243348,69052.35178767549
All Population,Prevalence,Austria,Both,60+ years,Alzheimer's disease and other dementias,Number,2023,131053.76384529944,152259.4945460626,107660.29986543056
All Population,Prevalence,Austria,Male,60+ years,Alzheimer's disease and other dementias,Percent,2023,0.0431241395979201,0.0508861626020547,0.0356759363271787
All Population,Prevalence,Austria,Female,60+ years,Alzheimer's disease and other dementias,Percent,2023,0.0637617234899792,0.0742946402862505,0.0523850882737361
All Population,Prevalence,Austria,Both,60+ years,Alzheimer's disease and other dementias,Percent,2023,0.054422747519967,0.0632230199615586,0.0447143993039605
All Population,Prevalence,Turkmenistan,Male,60+ years,Alzheimer's disease and other dementias,Number,2023,5248.806052051609,6031.911270955068,4517.899009521465
All Population,Prevalence,Turkmenistan,Female,60+ years,Alzheimer's disease and other dementias,Number,2023,10048.418526431484,11567.252508765445,8619.462249623548
All Population,Prevalence,Turkmenistan,Both,60+ years,Alzheimer's disease and other dementias,Number,2023,15297.2245784831,17522.97321343414,13180.32643313814
All Population,Prevalence,Turkmenistan,Male,60+ years,Alzheimer's disease and other dementias,Percent,2023,0.0233885633946157,0.0268794134633216,0.0201317008342545
All Population,Prevalence,Turkmenistan,Female,60+ years,Alzheimer's disease and other dementias,Percent,2023,0.0334659883195878,0.0385225749719524,0.0287068115803458
All Population,Prevalence,Turkmenistan,Both,60+ years,Alzheimer's disease and other dementias,Percent,2023,0.0291556036215383,0.0333958650853494,0.0251207363869208
All Population,Prevalence,Saint Lucia,Male,60+ years,Alzheimer's disease and other dementias,Number,2023,543.6423874284628,631.016923814425,461.3335788733503
All Population,Prevalence,Saint Lucia,Female,60+ years,Alzheimer's disease and other dementias,Number,2023,785.6831695911255,916.3437139132664,657.4213455533204
All Population,Prevalence,Saint Lucia,Both,60+ years,Alzheimer's disease and other dementias,Number,2023,1329.325557019588,1547.041519611255,1119.1863747403927
All Population,Prevalence,Saint Lucia,Male,60+ years,Alzheimer's disease and other dementias,Percent,2023,0.0359828821949131,0.0417644295159733,0.0305348535682958
All Population,Prevalence,Saint Lucia,Female,60+ years,Alzheimer's disease and other dementias,Percent,2023,0.0474520416188116,0.0553427737961032,0.0397049368916748
All Population,Prevalence,Saint Lucia,Both,60+ years,Alzheimer's disease and other dementias,Percent,2023,0.0419798808124303,0.0488554971352272,0.035343833045333
All Population,Prevalence,United Kingdom,Male,60+ years,Alzheimer's disease and other dementias,Number,2023,349865.9350466532,407356.9615266373,286802.7551452889
All Population,Prevalence,United Kingdom,Female,60+ years,Alzheimer's disease and other dementias,Number,2023,651325.2958021445,755761.3613532975,538883.7451770862
All Population,Prevalence,United Kingdom,Both,60+ years,Alzheimer's disease and other dementias,Number,2023,1001191.230848797,1165035.8470790614,823843.2872171431
All Population,Prevalence,United Kingdom,Male,60+ years,Alzheimer's disease and other dementias,Percent,2023,0.0434800380750421,0.0506282678606589,0.0356406698073533
All Population,Prevalence,United Kingdom,Female,60+ years,Alzheimer's disease and other dementias,Percent,2023,0.0708499372459617,0.0822088612245087,0.0586167316374347
All Population,Prevalence,United Kingdom,Both,60+ years,Alzheimer's disease and other dementias,Percent,2023,0.0580750402406614,0.0675832146771242,0.0477866325217388
All Population,Prevalence,Singapore,Male,60+ years,Alzheimer's disease and other dementias,Number,2023,16744.08652072516,19058.90709639738,14607.549839356168
All Population,Prevalence,Singapore,Female,60+ years,Alzheimer's disease and other dementias,Number,2023,28954.39474039071,32334.51090065376,25784.60034246237
All Population,Prevalence,Singapore,Both,60+ years,Alzheimer's disease and other dementias,Number,2023,45698.48126111588,50899.19418685755,40535.48658788938
All Population,Prevalence,Singapore,Male,60+ years,Alzheimer's disease and other dementias,Percent,2023,0.0279465527869249,0.0318098027971214,0.0243744307474722
All Population,Prevalence,Singapore,Female,60+ years,Alzheimer's disease and other dementias,Percent,2023,0.047144025451405,0.0526538611648331,0.0419857059384716
All Population,Prevalence,Singapore,Both,60+ years,Alzheimer's disease and other dementias,Percent,2023,0.0376641305064081,0.0419534893757303,0.0334137558919627
All Population,Prevalence,Sao Tome and Principe,Male,60+ years,Alzheimer's disease and other dementias,Number,2023,113.32443156881224,130.48690803584282,96.54945898332028
All Population,Prevalence,Sao Tome and Principe,Female,60+ years,Alzheimer's disease and other dementias,Number,2023,231.92078724140652,269.0821275820596,195.102276250258
All Population,Prevalence,Sao Tome and Principe,Both,60+ years,Alzheimer's disease and other dementias,Number,2023,345.2452188102186,397.9422380584596,292.5259131351708
All Population,Prevalence,Sao Tome and Principe,Male,60+ years,Alzheimer's disease and other dementias,Percent,2023,0.0175101632349845,0.0201621465253852,0.0149169879134371
All Population,Prevalence,Sao Tome and Principe,Female,60+ years,Alzheimer's disease and other dementias,Percent,2023,0.0315923227667111,0.0366541802263925,0.0265757935034345
All Population,Prevalence,Sao Tome and Principe,Both,60+ years,Alzheimer's disease and other dementias,Percent,2023,0.0249942759383857,0.0288091951090193,0.0211775025816146
All Population,Prevalence,Solomon Islands,Male,60+ years,Alzheimer's disease and other dementias,Number,2023,544.0027054150664,627.9327371009108,458.3132878471494
All Population,Prevalence,Solomon Islands,Female,60+ years,Alzheimer's disease and other dementias,Number,2023,730.6474802046189,847.187404181565,600.5474114099169
All Population,Prevalence,Solomon Islands,Both,60+ years,Alzheimer's disease and other dementias,Number,2023,1274.6501856196849,1478.0214873631462,1058.4014525206378
All Population,Prevalence,Solomon Islands,Male,60+ years,Alzheimer's disease and other dementias,Percent,2023,0.0226638637144589,0.0261609616065214,0.0190947208739554
All Population,Prevalence,Solomon Islands,Female,60+ years,Alzheimer's disease and other dementias,Percent,2023,0.0302364151038154,0.0350587707163893,0.0248529253087936
All Population,Prevalence,Solomon Islands,Both,60+ years,Alzheimer's disease and other dementias,Percent,2023,0.0264628261108063,0.0306853351589973,0.0219735451033536
All Population,Prevalence,China,Male,60+ years,Alzheimer's disease and other dementias,Number,2023,6785550.39053276,7848820.184553524,5726716.949508536
All Population,Prevalence,China,Female,60+ years,Alzheimer's disease and other dementias,Number,2023,12036918.257166648,13950836.941121308,10120806.269843137
All Population,Prevalence,China,Both,60+ years,Alzheimer's disease and other dementias,Number,2023,18822468.64769942,21750240.39600981,15877612.355121003
All Population,Prevalence,China,Male,60+ years,Alzheimer's disease and other dementias,Percent,2023,0.047765210921959,0.055250712138526,0.0403114684944901
All Population,Prevalence,China,Female,60+ years,Alzheimer's disease and other dementias,Percent,2023,0.0780641899187967,0.0904760808931467,0.0656373459954976
All Population,Prevalence,China,Both,60+ years,Alzheimer's disease and other dementias,Percent,2023,0.0635350964962795,0.0734149450383817,0.0535942254759876
All Population,Prevalence,Ecuador,Male,60+ years,Alzheimer's disease and other dementias,Number,2023,28830.84749394577,33607.239855375024,24078.713129922096
All Population,Prevalence,Ecuador,Female,60+ years,Alzheimer's disease and other dementias,Number,2023,42529.29950448261,49221.18727658352,36076.93005466935
All Population,Prevalence,Ecuador,Both,60+ years,Alzheimer's disease and other dementias,Number,2023,71360.14699842833,82723.44835716195,60273.99244073786
All Population,Prevalence,Ecuador,Male,60+ years,Alzheimer's disease and other dementias,Percent,2023,0.0272130963667498,0.0317220344819791,0.0227282462311642
All Population,Prevalence,Ecuador,Female,60+ years,Alzheimer's disease and other dementias,Percent,2023,0.0353687307887023,0.0409342901574036,0.0300017850015105
All Population,Prevalence,Ecuador,Both,60+ years,Alzheimer's disease and other dementias,Percent,2023,0.0315487302466943,0.0365712089539705,0.0266481071151655
All Population,Prevalence,Dominican Republic,Male,60+ years,Alzheimer's disease and other dementias,Number,2023,19003.526566713317,21752.37431117601,16168.643716609957
All Population,Prevalence,Dominican Republic,Female,60+ years,Alzheimer's disease and other dementias,Number,2023,30307.48467087493,34747.11128598688,26091.03668917862
All Population,Prevalence,Dominican Republic,Both,60+ years,Alzheimer's disease and other dementias,Number,2023,49311.01123758822,56430.27487892287,42198.70413402932
All Population,Prevalence,Dominican Republic,Male,60+ years,Alzheimer's disease and other dementias,Percent,2023,0.0334601099799751,0.0382988625225603,0.0284684074729622
All Population,Prevalence,Dominican Republic,Female,60+ years,Alzheimer's disease and other dementias,Percent,2023,0.0464926831999651,0.0533057784990943,0.040024642416254
All Population,Prevalence,Dominican Republic,Both,60+ years,Alzheimer's disease and other dementias,Percent,2023,0.0404247539098888,0.0462639602899494,0.0345940146080293
All Population,Prevalence,Luxembourg,Male,60+ years,Alzheimer's disease and other dementias,Number,2023,1886.282385796012,2213.291950997688,1574.6036127196155
All Population,Prevalence,Luxembourg,Female,60+ years,Alzheimer's disease and other dementias,Number,2023,3176.004290255054,3738.945663558159,2617.648554792172
All Population,Prevalence,Luxembourg,Both,60+ years,Alzheimer's disease and other dementias,Number,2023,5062.286676051066,5946.306726334516,4207.711379562896
All Population,Prevalence,Luxembourg,Male,60+ years,Alzheimer's disease and other dementias,Percent,2023,0.0295808829747068,0.0347132754470186,0.0246891155042133
All Population,Prevalence,Luxembourg,Female,60+ years,Alzheimer's disease and other dementias,Percent,2023,0.0443698594671421,0.0522296476347119,0.0365771466541859
All Population,Prevalence,Luxembourg,Both,60+ years,Alzheimer's disease and other dementias,Percent,2023,0.0374022344296151,0.0439260663907698,0.0310977215457354
All Population,Prevalence,Ireland,Male,60+ years,Alzheimer's disease and other dementias,Number,2023,21451.835490044115,25035.279579934675,17493.93131730005
All Population,Prevalence,Ireland,Female,60+ years,Alzheimer's disease and other dementias,Number,2023,32253.23117503973,37274.544829355,26426.272768272647
All Population,Prevalence,Ireland,Both,60+ years,Alzheimer's disease and other dementias,Number,2023,53705.06666508391,61734.96606486956,43957.36224081536
All Population,Prevalence,Ireland,Male,60+ years,Alzheimer's disease and other dementias,Percent,2023,0.0412084492946017,0.0480940803951341,0.0336160370683936
All Population,Prevalence,Ireland,Female,60+ years,Alzheimer's disease and other dementias,Percent,2023,0.0565526660542705,0.0653555194887183,0.0463466588949067
All Population,Prevalence,Ireland,Both,60+ years,Alzheimer's disease and other dementias,Percent,2023,0.0492304665913789,0.0565958060917032,0.0403088990787733
All Population,Prevalence,Georgia,Male,60+ years,Alzheimer's disease and other dementias,Number,2023,9736.365832857797,11338.549385316415,8222.234233015093
All Population,Prevalence,Georgia,Female,60+ years,Alzheimer's disease and other dementias,Number,2023,23794.25830783187,27584.00766828813,20037.88776662357
All Population,Prevalence,Georgia,Both,60+ years,Alzheimer's disease and other dementias,Number,2023,33530.624140689666,38784.467659007685,28251.70326680045
All Population,Prevalence,Georgia,Male,60+ years,Alzheimer's disease and other dementias,Percent,2023,0.0296660670346886,0.0345467266408049,0.0250526859698948
All Population,Prevalence,Georgia,Female,60+ years,Alzheimer's disease and other dementias,Percent,2023,0.0466166954285489,0.0540409833339213,0.0392556926132418
All Population,Prevalence,Georgia,Both,60+ years,Alzheimer's disease and other dementias,Percent,2023,0.0399829866221043,0.0462467553592564,0.0336865850140902
All Population,Prevalence,Ukraine,Male,60+ years,Alzheimer's disease and other dementias,Number,2023,117396.85089596432,137274.09800059703,95019.62646119516
All Population,Prevalence,Ukraine,Female,60+ years,Alzheimer's disease and other dementias,Number,2023,315930.1996712288,373732.1177302454,261244.3607859034
All Population,Prevalence,Ukraine,Both,60+ years,Alzheimer's disease and other dementias,Number,2023,433327.0505671926,508374.5216359375,355867.15587868134
All Population,Prevalence,Ukraine,Male,60+ years,Alzheimer's disease and other dementias,Percent,2023,0.0296001912991804,0.0346113059420397,0.0239582828128392
All Population,Prevalence,Ukraine,Female,60+ years,Alzheimer's disease and other dementias,Percent,2023,0.0463508593395276,0.0548291189396481,0.0383271741024591
All Population,Prevalence,Ukraine,Both,60+ years,Alzheimer's disease and other dementias,Percent,2023,0.0401893243981066,0.0471482772760315,0.0330048102061077
All Population,Prevalence,Peru,Male,60+ years,Alzheimer's disease and other dementias,Number,2023,58269.07503439141,67871.9060259175,50117.58459601979
All Population,Prevalence,Peru,Female,60+ years,Alzheimer's disease and other dementias,Number,2023,88138.68003883855,103169.59470293032,74979.89468985132
All Population,Prevalence,Peru,Both,60+ years,Alzheimer's disease and other dementias,Number,2023,146407.75507322993,170530.02418243268,124618.39904926185
All Population,Prevalence,Peru,Male,60+ years,Alzheimer's disease and other dementias,Percent,2023,0.0265726214999204,0.0309525300486822,0.0228547316322133
All Population,Prevalence,Peru,Female,60+ years,Alzheimer's disease and other dementias,Percent,2023,0.0363311106237547,0.0425268667085928,0.0309066759613238
All Population,Prevalence,Peru,Both,60+ years,Alzheimer's disease and other dementias,Percent,2023,0.0316981733474378,0.0369212587582681,0.0269823377626483
All Population,Prevalence,Venezuela (Bolivarian Republic of),Male,60+ years,Alzheimer's disease and other dementias,Number,2023,69151.61028308884,80439.04392698838,59165.5141897157
All Population,Prevalence,Venezuela (Bolivarian Republic of),Female,60+ years,Alzheimer's disease and other dementias,Number,2023,110160.20448386988,127337.13989651928,93888.94600278932
All Population,Prevalence,Venezuela (Bolivarian Republic of),Both,60+ years,Alzheimer's disease and other dementias,Number,2023,179311.81476695873,209034.0929776772,152958.39069549364
All Population,Prevalence,Venezuela (Bolivarian Republic of),Male,60+ years,Alzheimer's disease and other dementias,Percent,2023,0.0380536031749356,0.0442633609586698,0.0325582612707828
All Population,Prevalence,Venezuela (Bolivarian Republic of),Female,60+ years,Alzheimer's disease and other dementias,Percent,2023,0.0500016852455889,0.0577977924762031,0.0426169797323478
All Population,Prevalence,Venezuela (Bolivarian Republic of),Both,60+ years,Alzheimer's disease and other dementias,Percent,2023,0.0446010939000867,0.0519926833401556,0.0380462842026622
All Population,Prevalence,Serbia,Male,60+ years,Alzheimer's disease and other dementias,Number,2023,30385.843828719557,35112.02106250056,24591.62619257218
All Population,Prevalence,Serbia,Female,60+ years,Alzheimer's disease and other dementias,Number,2023,52059.706769480574,60745.16701214418,43450.45466428642
All Population,Prevalence,Serbia,Both,60+ years,Alzheimer's disease and other dementias,Number,2023,82445.55059820012,95472.9772352443,67709.26233113339
All Population,Prevalence,Serbia,Male,60+ years,Alzheimer's disease and other dementias,Percent,2023,0.0293394633739466,0.0339028240585936,0.0237459551770193
All Population,Prevalence,Serbia,Female,60+ years,Alzheimer's disease and other dementias,Percent,2023,0.0416633467343136,0.0486144473133691,0.0347749019237543
All Population,Prevalence,Serbia,Both,60+ years,Alzheimer's disease and other dementias,Percent,2023,0.0360780913472944,0.0417773342252911,0.029631400338724
All Population,Prevalence,Bangladesh,Male,60+ years,Alzheimer's disease and other dementias,Number,2023,181369.91778980143,210021.52553596796,152832.59180229602
All Population,Prevalence,Bangladesh,Female,60+ years,Alzheimer's disease and other dementias,Number,2023,171841.858919796,199234.4414843025,145133.2638368099
All Population,Prevalence,Bangladesh,Both,60+ years,Alzheimer's disease and other dementias,Number,2023,353211.7767095973,404488.1511210309,299203.96540580294
All Population,Prevalence,Bangladesh,Male,60+ years,Alzheimer's disease and other dementias,Percent,2023,0.0209006758611819,0.0242041417871029,0.0176105960976428
All Population,Prevalence,Bangladesh,Female,60+ years,Alzheimer's disease and other dementias,Percent,2023,0.0240280416920871,0.0278590402128727,0.020293072076477
All Population,Prevalence,Bangladesh,Both,60+ years,Alzheimer's disease and other dementias,Percent,2023,0.0223136157274776,0.0255541607884481,0.0189021793231701
All Population,Prevalence,Tonga,Male,60+ years,Alzheimer's disease and other dementias,Number,2023,121.699560848299,140.08979044353904,101.4835154790742
All Population,Prevalence,Tonga,Female,60+ years,Alzheimer's disease and other dementias,Number,2023,222.93904894026352,258.6277724706574,185.99742105802895
All Population,Prevalence,Tonga,Both,60+ years,Alzheimer's disease and other dementias,Number,2023,344.6386097885627,398.1138340138135,288.80789308487675
All Population,Prevalence,Tonga,Male,60+ years,Alzheimer's disease and other dementias,Percent,2023,0.0261007406516271,0.0300449970106312,0.0217660502522695
All Population,Prevalence,Tonga,Female,60+ years,Alzheimer's disease and other dementias,Percent,2023,0.0402511433584528,0.0466942468875067,0.0335817716845333
All Population,Prevalence,Tonga,Both,60+ years,Alzheimer's disease and other dementias,Percent,2023,0.0337835051907837,0.0390260097748912,0.028310371182473
All Population,Prevalence,Zambia,Male,60+ years,Alzheimer's disease and other dementias,Number,2023,6728.074037590533,7766.33975123197,5725.538012626838
All Population,Prevalence,Zambia,Female,60+ years,Alzheimer's disease and other dementias,Number,2023,13682.400150418587,15730.651798037265,11531.829519206676
All Population,Prevalence,Zambia,Both,60+ years,Alzheimer's disease and other dementias,Number,2023,20410.474188009124,23445.73191121802,17264.31817252786
All Population,Prevalence,Zambia,Male,60+ years,Alzheimer's disease and other dementias,Percent,2023,0.0214096456821482,0.0247120283777982,0.018219322280087
All Population,Prevalence,Zambia,Female,60+ years,Alzheimer's disease and other dementias,Percent,2023,0.0354413761166746,0.0407471011506215,0.0298692753988019
All Population,Prevalence,Zambia,Both,60+ years,Alzheimer's disease and other dementias,Percent,2023,0.0291448475789807,0.0334770175063275,0.0246515723100226
All Population,Prevalence,Guinea-Bissau,Male,60+ years,Alzheimer's disease and other dementias,Number,2023,718.076696487235,835.8186902255386,614.155687655938
All Population,Prevalence,Guinea-Bissau,Female,60+ years,Alzheimer's disease and other dementias,Number,2023,1294.4411761860729,1489.2570002980117,1108.795166991142
All Population,Prevalence,Guinea-Bissau,Both,60+ years,Alzheimer's disease and other dementias,Number,2023,2012.5178726733072,2318.5889972283508,1721.5190217408351
All Population,Prevalence,Guinea-Bissau,Male,60+ years,Alzheimer's disease and other dementias,Percent,2023,0.0171719055851547,0.0199870387448123,0.0146871520226673
All Population,Prevalence,Guinea-Bissau,Female,60+ years,Alzheimer's disease and other dementias,Percent,2023,0.0269911958410381,0.03105355008492,0.0231198098544049
All Population,Prevalence,Guinea-Bissau,Both,60+ years,Alzheimer's disease and other dementias,Percent,2023,0.0224173905808098,0.025826479340965,0.0191762701145381
All Population,Prevalence,Marshall Islands,Male,60+ years,Alzheimer's disease and other dementias,Number,2023,24.05975654327388,28.72019712727874,20.20212172455128
All Population,Prevalence,Marshall Islands,Female,60+ years,Alzheimer's disease and other dementias,Number,2023,33.297974998221946,38.5052945018497,27.67362355435946
All Population,Prevalence,Marshall Islands,Both,60+ years,Alzheimer's disease and other dementias,Number,2023,57.35773154149583,67.06657861773655,47.44057021226077
All Population,Prevalence,Marshall Islands,Male,60+ years,Alzheimer's disease and other dementias,Percent,2023,0.0168693606839572,0.0201373501661466,0.0141632951559396
All Population,Prevalence,Marshall Islands,Female,60+ years,Alzheimer's disease and other dementias,Percent,2023,0.0239245295755481,0.027666288678639,0.0198831584794509
All Population,Prevalence,Marshall Islands,Both,60+ years,Alzheimer's disease and other dementias,Percent,2023,0.020353823569962,0.0237997441629683,0.0168345431012223
All Population,Prevalence,American Samoa,Male,60+ years,Alzheimer's disease and other dementias,Number,2023,55.39331023942405,64.23632324352104,46.6926113201693
All Population,Prevalence,American Samoa,Female,60+ years,Alzheimer's disease and other dementias,Number,2023,93.55744898742807,108.508999816531,77.54662910195057
All Population,Prevalence,American Samoa,Both,60+ years,Alzheimer's disease and other dementias,Number,2023,148.95075922685214,171.285311194055,123.97971197180442
All Population,Prevalence,American Samoa,Male,60+ years,Alzheimer's disease and other dementias,Percent,2023,0.0200368205666408,0.0232354846350483,0.016889290736694
All Population,Prevalence,American Samoa,Female,60+ years,Alzheimer's disease and other dementias,Percent,2023,0.0314927538767022,0.0365256654996721,0.0261034875201185
All Population,Prevalence,American Samoa,Both,60+ years,Alzheimer's disease and other dementias,Percent,2023,0.0259707072783109,0.0298657360749067,0.0216156803803168
All Population,Prevalence,Sierra Leone,Male,60+ years,Alzheimer's disease and other dementias,Number,2023,3644.880318349944,4216.08683316359,3093.0841966702046
All Population,Prevalence,Sierra Leone,Female,60+ years,Alzheimer's disease and other dementias,Number,2023,5993.44405143614,7013.693738474782,5091.354959666437
All Population,Prevalence,Sierra Leone,Both,60+ years,Alzheimer's disease and other dementias,Number,2023,9638.32436978608,11147.057752856055,8164.950430242048
All Population,Prevalence,Sierra Leone,Male,60+ years,Alzheimer's disease and other dementias,Percent,2023,0.0191809589360746,0.0221863367157058,0.0162767200967675
All Population,Prevalence,Sierra Leone,Female,60+ years,Alzheimer's disease and other dementias,Percent,2023,0.0337379124186131,0.0394816105118945,0.0286596010025491
All Population,Prevalence,Sierra Leone,Both,60+ years,Alzheimer's disease and other dementias,Percent,2023,0.0262143843773378,0.0303193270666708,0.0222080331735979
All Population,Prevalence,Chad,Male,60+ years,Alzheimer's disease and other dementias,Number,2023,6670.73013864802,7744.626217590431,5693.529290680541
All Population,Prevalence,Chad,Female,60+ years,Alzheimer's disease and other dementias,Number,2023,8382.160813584358,9643.502528594165,7150.431695293375
All Population,Prevalence,Chad,Both,60+ years,Alzheimer's disease and other dementias,Number,2023,15052.890952232385,17331.732897956936,12793.945825119865
All Population,Prevalence,Chad,Male,60+ years,Alzheimer's disease and other dementias,Percent,2023,0.0177773261459053,0.0206394567250879,0.0151731532052999
All Population,Prevalence,Chad,Female,60+ years,Alzheimer's disease and other dementias,Percent,2023,0.0276451424218037,0.0318064486686933,0.0235827208816306
All Population,Prevalence,Chad,Both,60+ years,Alzheimer's disease and other dementias,Percent,2023,0.0221873860560891,0.0255467118726265,0.0188581863413616
All Population,Prevalence,Philippines,Male,60+ years,Alzheimer's disease and other dementias,Number,2023,86065.28194285024,100099.08726014386,72213.49228508468
All Population,Prevalence,Philippines,Female,60+ years,Alzheimer's disease and other dementias,Number,2023,162410.77019099364,188179.7801826491,136417.56939889342
All Population,Prevalence,Philippines,Both,60+ years,Alzheimer's disease and other dementias,Number,2023,248476.05213384365,286985.91944956174,208782.52108495403
All Population,Prevalence,Philippines,Male,60+ years,Alzheimer's disease and other dementias,Percent,2023,0.0186329382557277,0.0216691847409462,0.0156336347014273
All Population,Prevalence,Philippines,Female,60+ years,Alzheimer's disease and other dementias,Percent,2023,0.0284114905944975,0.0329188206978035,0.0238654628295078
All Population,Prevalence,Philippines,Both,60+ years,Alzheimer's disease and other dementias,Percent,2023,0.0240413485185686,0.0277680760171354,0.0202006297362687
All Population,Prevalence,Belgium,Male,60+ years,Alzheimer's disease and other dementias,Number,2023,65926.04699913743,76127.53246134028,54539.695178560745
All Population,Prevalence,Belgium,Female,60+ years,Alzheimer's disease and other dementias,Number,2023,122002.98856655751,142264.63425207135,101282.40797940672
All Population,Prevalence,Belgium,Both,60+ years,Alzheimer's disease and other dementias,Number,2023,187929.03556569503,218329.00531950028,155502.871212308
All Population,Prevalence,Belgium,Male,60+ years,Alzheimer's disease and other dementias,Percent,2023,0.0470530990997899,0.0543361530100942,0.0389267861335613
All Population,Prevalence,Belgium,Female,60+ years,Alzheimer's disease and other dementias,Percent,2023,0.0737719183945894,0.0860211813530648,0.061243151441429
All Population,Prevalence,Belgium,Both,60+ years,Alzheimer's disease and other dementias,Percent,2023,0.0615175421856852,0.0714679133198451,0.0509118751068981
All Population,Prevalence,United States of America,Male,60+ years,Alzheimer's disease and other dementias,Number,2023,1734709.0625345905,2038362.2764894976,1392963.777269042
All Population,Prevalence,United States of America,Female,60+ years,Alzheimer's disease and other dementias,Number,2023,2897164.616082341,3371801.325885436,2438694.0953241712
All Population,Prevalence,United States of America,Both,60+ years,Alzheimer's disease and other dementias,Number,2023,4631873.6786169335,5370901.323225308,3801547.952364482
All Population,Prevalence,United States of America,Male,60+ years,Alzheimer's disease and other dementias,Percent,2023,0.0466716574559017,0.05483892777378,0.0374786217013423
All Population,Prevalence,United States of America,Female,60+ years,Alzheimer's disease and other dementias,Percent,2023,0.0668930773095379,0.0778516292362678,0.0563078939395183
All Population,Prevalence,United States of America,Both,60+ years,Alzheimer's disease and other dementias,Percent,2023,0.0575540027688214,0.0667362655871422,0.0472390330803005
All Population,Prevalence,Iraq,Male,60+ years,Alzheimer's disease and other dementias,Number,2023,37178.19434532507,43127.76931274923,30121.02009550089
All Population,Prevalence,Iraq,Female,60+ years,Alzheimer's disease and other dementias,Number,2023,62717.87733465219,72106.2684397958,52927.959615912
All Population,Prevalence,Iraq,Both,60+ years,Alzheimer's disease and other dementias,Number,2023,99896.07167997728,114648.57417317524,83969.79034221392
All Population,Prevalence,Iraq,Male,60+ years,Alzheimer's disease and other dementias,Percent,2023,0.0279582730473319,0.0324319441263949,0.0226521477800466
All Population,Prevalence,Iraq,Female,60+ years,Alzheimer's disease and other dementias,Percent,2023,0.0428287060728545,0.0492414466118026,0.0361440285209535
All Population,Prevalence,Iraq,Both,60+ years,Alzheimer's disease and other dementias,Percent,2023,0.0357516959973199,0.0410319152361992,0.0300530244602462
All Population,Prevalence,Angola,Male,60+ years,Alzheimer's disease and other dementias,Number,2023,14411.13167388444,16539.746863751414,12207.02142486443
All Population,Prevalence,Angola,Female,60+ years,Alzheimer's disease and other dementias,Number,2023,41759.16397071723,48117.77207790374,35541.48159684305
All Population,Prevalence,Angola,Both,60+ years,Alzheimer's disease and other dementias,Number,2023,56170.29564460176,64486.4404919474,47865.91475934211
All Population,Prevalence,Angola,Male,60+ years,Alzheimer's disease and other dementias,Percent,2023,0.0232785231689558,0.0267174966741374,0.0197162054537951
All Population,Prevalence,Angola,Female,60+ years,Alzheimer's disease and other dementias,Percent,2023,0.049277487832099,0.05678123738717,0.0419389350414215
All Population,Prevalence,Angola,Both,60+ years,Alzheimer's disease and other dementias,Percent,2023,0.0383022069033183,0.043972022747613,0.032639262418399
All Population,Prevalence,Vanuatu,Male,60+ years,Alzheimer's disease and other dementias,Number,2023,271.66620974411774,311.4951557910757,225.67480979402367
All Population,Prevalence,Vanuatu,Female,60+ years,Alzheimer's disease and other dementias,Number,2023,372.8212480182439,429.51383235324175,310.7813427650888
All Population,Prevalence,Vanuatu,Both,60+ years,Alzheimer's disease and other dementias,Number,2023,644.4874577623616,737.609545447559,535.1134951843785
All Population,Prevalence,Vanuatu,Male,60+ years,Alzheimer's disease and other dementias,Percent,2023,0.0251838091156748,0.0288757818063715,0.0209209171157299
All Population,Prevalence,Vanuatu,Female,60+ years,Alzheimer's disease and other dementias,Percent,2023,0.0323922556785273,0.0373191409524744,0.0270013674604055
All Population,Prevalence,Vanuatu,Both,60+ years,Alzheimer's disease and other dementias,Percent,2023,0.028904780883258,0.033084109372373,0.0239986264432602
All Population,Prevalence,Brazil,Male,60+ years,Alzheimer's disease and other dementias,Number,2023,762543.1797540929,880354.6034729511,644864.764185559
All Population,Prevalence,Brazil,Female,60+ years,Alzheimer's disease and other dementias,Number,2023,1240415.8193632762,1426977.4074067166,1060347.4333208804
All Population,Prevalence,Brazil,Both,60+ years,Alzheimer's disease and other dementias,Number,2023,2002958.9991173695,2299581.410202335,1705593.5485452465
All Population,Prevalence,Brazil,Male,60+ years,Alzheimer's disease and other dementias,Percent,2023,0.0507421048546635,0.0585796243903466,0.0429105083676984
All Population,Prevalence,Brazil,Female,60+ years,Alzheimer's disease and other dementias,Percent,2023,0.0658358576481366,0.0757370894305263,0.0562782537245589
All Population,Prevalence,Brazil,Both,60+ years,Alzheimer's disease and other dementias,Percent,2023,0.0591386672370469,0.0678951702758023,0.0503582090632281
All Population,Prevalence,Uzbekistan,Male,60+ years,Alzheimer's disease and other dementias,Number,2023,34990.275466764615,40375.45095328841,29892.21078366279
All Population,Prevalence,Uzbekistan,Female,60+ years,Alzheimer's disease and other dementias,Number,2023,57526.80480539035,65719.67112689067,49658.134267484806
All Population,Prevalence,Uzbekistan,Both,60+ years,Alzheimer's disease and other dementias,Number,2023,92517.08027215488,105648.9299421218,79749.44956835294
All Population,Prevalence,Uzbekistan,Male,60+ years,Alzheimer's disease and other dementias,Percent,2023,0.0235227144393843,0.0271432848889411,0.0200948955525418
All Population,Prevalence,Uzbekistan,Female,60+ years,Alzheimer's disease and other dementias,Percent,2023,0.0325489232294695,0.0371854033748627,0.0280980188860094
All Population,Prevalence,Uzbekistan,Both,60+ years,Alzheimer's disease and other dementias,Percent,2023,0.0284238939750931,0.0324593595202861,0.0245021569565716
All Population,Prevalence,United Arab Emirates,Male,60+ years,Alzheimer's disease and other dementias,Number,2023,7437.63803336092,8819.966717531532,6203.30858593653
All Population,Prevalence,United Arab Emirates,Female,60+ years,Alzheimer's disease and other dementias,Number,2023,3252.594143161949,3795.030820659755,2725.962075678409
All Population,Prevalence,United Arab Emirates,Both,60+ years,Alzheimer's disease and other dementias,Number,2023,10690.232176522864,12631.407392419034,8948.026073552095
All Population,Prevalence,United Arab Emirates,Male,60+ years,Alzheimer's disease and other dementias,Percent,2023,0.0190087870476872,0.0225419569161949,0.0158543378811601
All Population,Prevalence,United Arab Emirates,Female,60+ years,Alzheimer's disease and other dementias,Percent,2023,0.0257813854182874,0.0300815849938746,0.0216068856941455
All Population,Prevalence,United Arab Emirates,Both,60+ years,Alzheimer's disease and other dementias,Percent,2023,0.0206600786203714,0.0244109345830346,0.0172925508990619
All Population,Prevalence,Türkiye,Male,60+ years,Alzheimer's disease and other dementias,Number,2023,204422.1013060839,234951.19313480443,171741.83427867203
All Population,Prevalence,Türkiye,Female,60+ years,Alzheimer's disease and other dementias,Number,2023,373508.2112453789,432663.06904475583,313130.3618815198
All Population,Prevalence,Türkiye,Both,60+ years,Alzheimer's disease and other dementias,Number,2023,577930.3125514621,667829.3644362921,485376.02493238513
All Population,Prevalence,Türkiye,Male,60+ years,Alzheimer's disease and other dementias,Percent,2023,0.0347278803403856,0.0399127185695646,0.029176211584534
All Population,Prevalence,Türkiye,Female,60+ years,Alzheimer's disease and other dementias,Percent,2023,0.053748882341383,0.0622630925123678,0.0450606630418257
All Population,Prevalence,Türkiye,Both,60+ years,Alzheimer's disease and other dementias,Percent,2023,0.0450258171889107,0.0520314038692896,0.037817649694951
All Population,Prevalence,Nauru,Male,60+ years,Alzheimer's disease and other dementias,Number,2023,3.3158432175565795,3.902248825709048,2.7335675566125897
All Population,Prevalence,Nauru,Female,60+ years,Alzheimer's disease and other dementias,Number,2023,6.892291044573145,8.124242377680357,5.696892578080957
All Population,Prevalence,Nauru,Both,60+ years,Alzheimer's disease and other dementias,Number,2023,10.208134262129724,11.937878379596093,8.479551190599523
All Population,Prevalence,Nauru,Male,60+ years,Alzheimer's disease and other dementias,Percent,2023,0.0155600236031646,0.0183112390678469,0.0128281018803504
All Population,Prevalence,Nauru,Female,60+ years,Alzheimer's disease and other dementias,Percent,2023,0.0208357193053575,0.0245607564014064,0.0172211274483674
All Population,Prevalence,Nauru,Both,60+ years,Alzheimer's disease and other dementias,Percent,2023,0.0187686707236514,0.0219484188611367,0.0155905219137458
All Population,Prevalence,Australia,Male,60+ years,Alzheimer's disease and other dementias,Number,2023,159227.21798949756,184295.58039577084,131977.05234283968
All Population,Prevalence,Australia,Female,60+ years,Alzheimer's disease and other dementias,Number,2023,277452.9778720095,318448.9398849488,227810.96962703456
All Population,Prevalence,Australia,Both,60+ years,Alzheimer's disease and other dementias,Number,2023,436680.1958615074,500067.4661116676,361091.2235904993
All Population,Prevalence,Australia,Male,60+ years,Alzheimer's disease and other dementias,Percent,2023,0.0534257674886523,0.0618307289736544,0.0442813812580247
All Population,Prevalence,Australia,Female,60+ years,Alzheimer's disease and other dementias,Percent,2023,0.0831391970857178,0.0954304979683065,0.0682671694338045
All Population,Prevalence,Australia,Both,60+ years,Alzheimer's disease and other dementias,Percent,2023,0.069121707501958,0.0791595775007281,0.0571547080095597
All Population,Prevalence,Senegal,Male,60+ years,Alzheimer's disease and other dementias,Number,2023,10152.882935610976,11785.04315154372,8472.627319739959
All Population,Prevalence,Senegal,Female,60+ years,Alzheimer's disease and other dementias,Number,2023,16966.72348569927,19588.62360952681,14383.79142879336
All Population,Prevalence,Senegal,Both,60+ years,Alzheimer's disease and other dementias,Number,2023,27119.60642131026,31348.366504469883,22969.028813221797
All Population,Prevalence,Senegal,Male,60+ years,Alzheimer's disease and other dementias,Percent,2023,0.0205270635943816,0.0238270481405693,0.0171315498475143
All Population,Prevalence,Senegal,Female,60+ years,Alzheimer's disease and other dementias,Percent,2023,0.0317457998285321,0.0366513179108947,0.0269127273809744
All Population,Prevalence,Senegal,Both,60+ years,Alzheimer's disease and other dementias,Percent,2023,0.0263536293095351,0.030462159057294,0.0223201160253917
All Population,Prevalence,Ethiopia,Male,60+ years,Alzheimer's disease and other dementias,Number,2023,75726.47648170624,88472.2631587951,63633.94132562303
All Population,Prevalence,Ethiopia,Female,60+ years,Alzheimer's disease and other dementias,Number,2023,107877.93774909104,126378.73046622156,90482.96613239
All Population,Prevalence,Ethiopia,Both,60+ years,Alzheimer's disease and other dementias,Number,2023,183604.4142307973,213421.4450300015,154710.29564372773
All Population,Prevalence,Ethiopia,Male,60+ years,Alzheimer's disease and other dementias,Percent,2023,0.0279807330371668,0.0326900678665393,0.023514005058157
All Population,Prevalence,Ethiopia,Female,60+ years,Alzheimer's disease and other dementias,Percent,2023,0.0430889546977631,0.0504786118621841,0.0361400095587991
All Population,Prevalence,Ethiopia,Both,60+ years,Alzheimer's disease and other dementias,Percent,2023,0.0352408442726847,0.0409643895101218,0.0296950193381063
All Population,Prevalence,Brunei Darussalam,Male,60+ years,Alzheimer's disease and other dementias,Number,2023,614.4344570966566,711.4639719060533,524.1490031872602
All Population,Prevalence,Brunei Darussalam,Female,60+ years,Alzheimer's disease and other dementias,Number,2023,922.1268126267954,1071.8014291745365,785.1333994617942
All Population,Prevalence,Brunei Darussalam,Both,60+ years,Alzheimer's disease and other dementias,Number,2023,1536.561269723452,1779.381121107264,1318.658687854719
All Population,Prevalence,Brunei Darussalam,Male,60+ years,Alzheimer's disease and other dementias,Percent,2023,0.0253482298354395,0.0293504174504334,0.021623060127917
All Population,Prevalence,Brunei Darussalam,Female,60+ years,Alzheimer's disease and other dementias,Percent,2023,0.0346341050311105,0.0402632065608602,0.0294815082487334
All Population,Prevalence,Brunei Darussalam,Both,60+ years,Alzheimer's disease and other dementias,Percent,2023,0.030208878250598,0.0349806360777084,0.0259232906084724
All Population,Prevalence,Indonesia,Male,60+ years,Alzheimer's disease and other dementias,Number,2023,284018.8627192105,329495.9691019703,238557.1178778384
All Population,Prevalence,Indonesia,Female,60+ years,Alzheimer's disease and other dementias,Number,2023,434423.2860248493,500922.6183325366,366049.7506884167
All Population,Prevalence,Indonesia,Both,60+ years,Alzheimer's disease and other dementias,Number,2023,718442.1487440603,828368.3997749588,605203.6877483334
All Population,Prevalence,Indonesia,Male,60+ years,Alzheimer's disease and other dementias,Percent,2023,0.0188303322796735,0.0218439514592128,0.0158161636455359
All Population,Prevalence,Indonesia,Female,60+ years,Alzheimer's disease and other dementias,Percent,2023,0.0266780463609211,0.0307625488417637,0.0224796615980507
All Population,Prevalence,Indonesia,Both,60+ years,Alzheimer's disease and other dementias,Percent,2023,0.0229044124954829,0.0264104580142962,0.0192947077246226
All Population,Prevalence,Panama,Male,60+ years,Alzheimer's disease and other dementias,Number,2023,11049.89430722163,12843.02814451621,9321.060698346537
All Population,Prevalence,Panama,Female,60+ years,Alzheimer's disease and other dementias,Number,2023,16103.793658682353,18675.5280663569,13738.627793119344
All Population,Prevalence,Panama,Both,60+ years,Alzheimer's disease and other dementias,Number,2023,27153.68796590396,31408.018522069942,22933.362801975967
All Population,Prevalence,Panama,Male,60+ years,Alzheimer's disease and other dementias,Percent,2023,0.0406518374070326,0.0472474504277712,0.0342904342203169
All Population,Prevalence,Panama,Female,60+ years,Alzheimer's disease and other dementias,Percent,2023,0.0536828853101425,0.062255847017952,0.0457983916970756
All Population,Prevalence,Panama,Both,60+ years,Alzheimer's disease and other dementias,Percent,2023,0.0474882640209336,0.0549278567710631,0.0401070307429256
All Population,Prevalence,El Salvador,Male,60+ years,Alzheimer's disease and other dementias,Number,2023,12751.224458367366,14896.606045183333,10673.800509198789
All Population,Prevalence,El Salvador,Female,60+ years,Alzheimer's disease and other dementias,Number,2023,23614.909005366306,27568.74418864599,19703.29251294725
All Population,Prevalence,El Salvador,Both,60+ years,Alzheimer's disease and other dementias,Number,2023,36366.13346373363,42526.28868926984,30434.01228837065
All Population,Prevalence,El Salvador,Male,60+ years,Alzheimer's disease and other dementias,Percent,2023,0.0411469924387745,0.0480720115778952,0.0344430437842682
All Population,Prevalence,El Salvador,Female,60+ years,Alzheimer's disease and other dementias,Percent,2023,0.0521512577086863,0.0608842599704299,0.0435127600047224
All Population,Prevalence,El Salvador,Both,60+ years,Alzheimer's disease and other dementias,Percent,2023,0.0476801492621803,0.055756220743479,0.0399024626370058
All Population,Prevalence,Botswana,Male,60+ years,Alzheimer's disease and other dementias,Number,2023,2450.2931814140807,2818.2105027448465,2078.229675737764
All Population,Prevalence,Botswana,Female,60+ years,Alzheimer's disease and other dementias,Number,2023,5882.883237146835,6801.443012728438,5035.720162621584
All Population,Prevalence,Botswana,Both,60+ years,Alzheimer's disease and other dementias,Number,2023,8333.176418560919,9625.444915626553,7112.395554284243
All Population,Prevalence,Botswana,Male,60+ years,Alzheimer's disease and other dementias,Percent,2023,0.0295072724701588,0.0339355292443668,0.0250245479360349
All Population,Prevalence,Botswana,Female,60+ years,Alzheimer's disease and other dementias,Percent,2023,0.0505345691836648,0.0584249207761283,0.043256526038199
All Population,Prevalence,Botswana,Both,60+ years,Alzheimer's disease and other dementias,Percent,2023,0.0417800747625234,0.0482576273863794,0.0356578900146814
All Population,Prevalence,Italy,Male,60+ years,Alzheimer's disease and other dementias,Number,2023,470338.967267716,552597.4329106555,383685.6355647966
All Population,Prevalence,Italy,Female,60+ years,Alzheimer's disease and other dementias,Number,2023,913881.101018892,1070115.5360629675,757512.730206373
All Population,Prevalence,Italy,Both,60+ years,Alzheimer's disease and other dementias,Number,2023,1384220.0682866075,1614829.7001662422,1141911.36928838
All Population,Prevalence,Italy,Male,60+ years,Alzheimer's disease and other dementias,Percent,2023,0.0571330760835723,0.0671311304375222,0.0466120054079646
All Population,Prevalence,Italy,Female,60+ years,Alzheimer's disease and other dementias,Percent,2023,0.0908869975152889,0.1064184626894042,0.075340911107378
All Population,Prevalence,Italy,Both,60+ years,Alzheimer's disease and other dementias,Percent,2023,0.0756922400690518,0.0883132746892535,0.0624455292550239
All Population,Prevalence,Slovenia,Male,60+ years,Alzheimer's disease and other dementias,Number,2023,9249.408932363534,10814.421439050726,7619.942916391672
All Population,Prevalence,Slovenia,Female,60+ years,Alzheimer's disease and other dementias,Number,2023,18389.81149588022,21427.172985395453,15314.997595439308
All Population,Prevalence,Slovenia,Both,60+ years,Alzheimer's disease and other dementias,Number,2023,27639.22042824374,32070.362804578606,22959.04253100933
All Population,Prevalence,Slovenia,Male,60+ years,Alzheimer's disease and other dementias,Percent,2023,0.0343067652530381,0.0401127067817193,0.028263766195908
All Population,Prevalence,Slovenia,Female,60+ years,Alzheimer's disease and other dementias,Percent,2023,0.0560236371669575,0.0652793618495936,0.0466601135401937
All Population,Prevalence,Slovenia,Both,60+ years,Alzheimer's disease and other dementias,Percent,2023,0.0462302679410802,0.0536433022954583,0.0384045264970395
All Population,Prevalence,Gambia,Male,60+ years,Alzheimer's disease and other dementias,Number,2023,1292.8036719827985,1488.0808551345278,1085.5308287862742
All Population,Prevalence,Gambia,Female,60+ years,Alzheimer's disease and other dementias,Number,2023,2303.833994426756,2638.899266900048,1935.8862499259144
All Population,Prevalence,Gambia,Both,60+ years,Alzheimer's disease and other dementias,Number,2023,3596.637666409557,4117.309299071228,3054.8239516010617
All Population,Prevalence,Gambia,Male,60+ years,Alzheimer's disease and other dementias,Percent,2023,0.0214287489860536,0.0246649830159934,0.017992289826473
All Population,Prevalence,Gambia,Female,60+ years,Alzheimer's disease and other dementias,Percent,2023,0.0355576067088789,0.0407290623288769,0.0298777229272399
All Population,Prevalence,Gambia,Both,60+ years,Alzheimer's disease and other dementias,Percent,2023,0.0287450631363396,0.0329063531786317,0.0244138621913866
All Population,Prevalence,Kuwait,Male,60+ years,Alzheimer's disease and other dementias,Number,2023,3888.713618986392,4545.480497624428,3273.190828855998
All Population,Prevalence,Kuwait,Female,60+ years,Alzheimer's disease and other dementias,Number,2023,4689.33829596389,5467.714853970355,4010.002399792423
All Population,Prevalence,Kuwait,Both,60+ years,Alzheimer's disease and other dementias,Number,2023,8578.051914950278,9937.138710443514,7250.350873258631
All Population,Prevalence,Kuwait,Male,60+ years,Alzheimer's disease and other dementias,Percent,2023,0.0205251764256165,0.0239917709758292,0.0172776459865808
All Population,Prevalence,Kuwait,Female,60+ years,Alzheimer's disease and other dementias,Percent,2023,0.0354553391018811,0.0413397603410354,0.0303190805228952
All Population,Prevalence,Kuwait,Both,60+ years,Alzheimer's disease and other dementias,Percent,2023,0.0266630098648386,0.0308876872973638,0.0225358366845604
All Population,Prevalence,Iran (Islamic Republic of),Male,60+ years,Alzheimer's disease and other dementias,Number,2023,162758.41415723364,189626.50213192863,135906.8482757748
All Population,Prevalence,Iran (Islamic Republic of),Female,60+ years,Alzheimer's disease and other dementias,Number,2023,228423.7509499465,263900.4715373195,191494.89645186972
All Population,Prevalence,Iran (Islamic Republic of),Both,60+ years,Alzheimer's disease and other dementias,Number,2023,391182.1651071798,453475.04253685096,330044.9501416256
All Population,Prevalence,Iran (Islamic Republic of),Male,60+ years,Alzheimer's disease and other dementias,Percent,2023,0.0339256743033367,0.0395256289041624,0.0283288177702774
All Population,Prevalence,Iran (Islamic Republic of),Female,60+ years,Alzheimer's disease and other dementias,Percent,2023,0.0450345073638773,0.0520285140215713,0.0377541849282673
All Population,Prevalence,Iran (Islamic Republic of),Both,60+ years,Alzheimer's disease and other dementias,Percent,2023,0.0396346824070462,0.0459468663970217,0.03344035186655
All Population,Prevalence,India,Male,60+ years,Alzheimer's disease and other dementias,Number,2023,1628317.2195446976,1894422.7981472,1376069.0394601088
All Population,Prevalence,India,Female,60+ years,Alzheimer's disease and other dementias,Number,2023,2209935.087186668,2577542.446046052,1866017.327974413
All Population,Prevalence,India,Both,60+ years,Alzheimer's disease and other dementias,Number,2023,3838252.306731368,4472216.906285862,3243142.50149509
All Population,Prevalence,India,Male,60+ years,Alzheimer's disease and other dementias,Percent,2023,0.0222598984304578,0.0258960529542237,0.0188119101088859
All Population,Prevalence,India,Female,60+ years,Alzheimer's disease and other dementias,Percent,2023,0.0275088445527214,0.0320840949972293,0.0232281527352505
All Population,Prevalence,India,Both,60+ years,Alzheimer's disease and other dementias,Percent,2023,0.0250072322643196,0.0291369652595307,0.0211302537760671
All Population,Prevalence,Finland,Male,60+ years,Alzheimer's disease and other dementias,Number,2023,34399.48736546705,39730.87655846313,27961.80117133336
All Population,Prevalence,Finland,Female,60+ years,Alzheimer's disease and other dementias,Number,2023,60184.87857924559,69670.99418723761,49736.66350328411
All Population,Prevalence,Finland,Both,60+ years,Alzheimer's disease and other dementias,Number,2023,94584.36594471254,108737.35872767508,77753.87135883585
All Population,Prevalence,Finland,Male,60+ years,Alzheimer's disease and other dementias,Percent,2023,0.0453698568883104,0.0524052459987009,0.0368861815147685
All Population,Prevalence,Finland,Female,60+ years,Alzheimer's disease and other dementias,Percent,2023,0.065981003951194,0.0763779479393104,0.0545314857122813
All Population,Prevalence,Finland,Both,60+ years,Alzheimer's disease and other dementias,Percent,2023,0.0566252743949077,0.0651011192923714,0.0465507403955698
All Population,Prevalence,Somalia,Male,60+ years,Alzheimer's disease and other dementias,Number,2023,11118.014356453235,12902.504867230991,9498.676838452782
All Population,Prevalence,Somalia,Female,60+ years,Alzheimer's disease and other dementias,Number,2023,25047.686455581395,28857.51014159888,21329.16183778299
All Population,Prevalence,Somalia,Both,60+ years,Alzheimer's disease and other dementias,Number,2023,36165.70081203462,41747.04397930492,30673.65915835688
All Population,Prevalence,Somalia,Male,60+ years,Alzheimer's disease and other dementias,Percent,2023,0.0240380398335213,0.0278985012089757,0.0205365688152755
All Population,Prevalence,Somalia,Female,60+ years,Alzheimer's disease and other dementias,Percent,2023,0.042807781951234,0.0493193252210351,0.0364529919428614
All Population,Prevalence,Somalia,Both,60+ years,Alzheimer's disease and other dementias,Percent,2023,0.0345211996570561,0.0398505459451758,0.0292784168375146
All Population,Prevalence,Algeria,Male,60+ years,Alzheimer's disease and other dementias,Number,2023,83881.69279702837,96476.773903968,70667.11335851661
All Population,Prevalence,Algeria,Female,60+ years,Alzheimer's disease and other dementias,Number,2023,109400.35961853698,126624.4730044889,92113.89873212996
All Population,Prevalence,Algeria,Both,60+ years,Alzheimer's disease and other dementias,Number,2023,193282.05241556547,223306.4716362382,163661.1321838026
All Population,Prevalence,Algeria,Male,60+ years,Alzheimer's disease and other dementias,Percent,2023,0.0357972655529686,0.0411734249152094,0.0301620197392203
All Population,Prevalence,Algeria,Female,60+ years,Alzheimer's disease and other dementias,Percent,2023,0.0476605045846361,0.0551636244622352,0.0401288363987826
All Population,Prevalence,Algeria,Both,60+ years,Alzheimer's disease and other dementias,Percent,2023,0.0416677202257636,0.0481382065251974,0.0352832185031586
All Population,Prevalence,Central African Republic,Male,60+ years,Alzheimer's disease and other dementias,Number,2023,2879.729467873585,3283.9027393975257,2505.6875850134843
All Population,Prevalence,Central African Republic,Female,60+ years,Alzheimer's disease and other dementias,Number,2023,8144.866380778388,9410.020949110603,6866.884338574374
All Population,Prevalence,Central African Republic,Both,60+ years,Alzheimer's disease and other dementias,Number,2023,11024.59584865198,12697.327503964443,9404.163911499236
All Population,Prevalence,Central African Republic,Male,60+ years,Alzheimer's disease and other dementias,Percent,2023,0.0217774212246635,0.0248329054295512,0.0189486511848532
All Population,Prevalence,Central African Republic,Female,60+ years,Alzheimer's disease and other dementias,Percent,2023,0.0519540737720743,0.0600244089660386,0.0438017796017731
All Population,Prevalence,Central African Republic,Both,60+ years,Alzheimer's disease and other dementias,Percent,2023,0.0381467112896742,0.043934670646608,0.0325402209450838
All Population,Prevalence,Libya,Male,60+ years,Alzheimer's disease and other dementias,Number,2023,11127.9681132564,12940.41475773234,9110.263591672025
All Population,Prevalence,Libya,Female,60+ years,Alzheimer's disease and other dementias,Number,2023,13700.304245323689,15866.679197768208,11524.178434526935
All Population,Prevalence,Libya,Both,60+ years,Alzheimer's disease and other dementias,Number,2023,24828.27235858007,28678.67591497993,20886.90656604423
All Population,Prevalence,Libya,Male,60+ years,Alzheimer's disease and other dementias,Percent,2023,0.0358403260968974,0.0416798172199796,0.0293428436859092
All Population,Prevalence,Libya,Female,60+ years,Alzheimer's disease and other dementias,Percent,2023,0.044767086042843,0.0518465274873286,0.0376567768065406
All Population,Prevalence,Libya,Both,60+ years,Alzheimer's disease and other dementias,Percent,2023,0.0402714747444447,0.0465157339392167,0.0338780233172901
All Population,Prevalence,Namibia,Male,60+ years,Alzheimer's disease and other dementias,Number,2023,1788.0517653807392,2099.119090303297,1516.6899572969824
All Population,Prevalence,Namibia,Female,60+ years,Alzheimer's disease and other dementias,Number,2023,4957.146160889024,5733.587588782651,4181.792920876023
All Population,Prevalence,Namibia,Both,60+ years,Alzheimer's disease and other dementias,Number,2023,6745.19792626977,7766.362786806379,5688.119264374203
All Population,Prevalence,Namibia,Male,60+ years,Alzheimer's disease and other dementias,Percent,2023,0.0230948949475164,0.0271106031424403,0.0195888391545762
All Population,Prevalence,Namibia,Female,60+ years,Alzheimer's disease and other dementias,Percent,2023,0.0426457286270365,0.0493254895449403,0.0359751513223661
All Population,Prevalence,Namibia,Both,60+ years,Alzheimer's disease and other dementias,Percent,2023,0.0348297266315484,0.0401033522310019,0.0293713870851791
All Population,Prevalence,Argentina,Male,60+ years,Alzheimer's disease and other dementias,Number,2023,131820.7591679812,153654.80892522633,111852.61399204338
All Population,Prevalence,Argentina,Female,60+ years,Alzheimer's disease and other dementias,Number,2023,268412.102275394,312125.9779407288,228495.25067850843
All Population,Prevalence,Argentina,Both,60+ years,Alzheimer's disease and other dementias,Number,2023,400232.8614433753,463715.38036909886,341879.1723783851
All Population,Prevalence,Argentina,Male,60+ years,Alzheimer's disease and other dementias,Percent,2023,0.0392187038615776,0.0457168698685469,0.033275805101786
All Population,Prevalence,Argentina,Female,60+ years,Alzheimer's disease and other dementias,Percent,2023,0.0606681219153702,0.0705483691417507,0.051650887227823
All Population,Prevalence,Argentina,Both,60+ years,Alzheimer's disease and other dementias,Percent,2023,0.0514078671804602,0.0595674373778904,0.0439124950627312
All Population,Prevalence,Sudan,Male,60+ years,Alzheimer's disease and other dementias,Number,2023,43140.85164191497,50445.16846588194,35869.18824129388
All Population,Prevalence,Sudan,Female,60+ years,Alzheimer's disease and other dementias,Number,2023,55679.68547849635,64948.84397503742,47389.14943944411
All Population,Prevalence,Sudan,Both,60+ years,Alzheimer's disease and other dementias,Number,2023,98820.53712041136,115337.05740019384,83380.28875618198
All Population,Prevalence,Sudan,Male,60+ years,Alzheimer's disease and other dementias,Percent,2023,0.0315291159854671,0.0368656900649874,0.0262133254117176
All Population,Prevalence,Sudan,Female,60+ years,Alzheimer's disease and other dementias,Percent,2023,0.0400933957516808,0.046767275281964,0.0341242415828268
All Population,Prevalence,Sudan,Both,60+ years,Alzheimer's disease and other dementias,Percent,2023,0.0358430410592895,0.0418330501381126,0.0302434371108306
All Population,Prevalence,Malaysia,Male,60+ years,Alzheimer's disease and other dementias,Number,2023,48154.066641179,55783.81904557162,40796.535307564496
All Population,Prevalence,Malaysia,Female,60+ years,Alzheimer's disease and other dementias,Number,2023,68717.52987779949,79242.98489723865,57668.87634136794
All Population,Prevalence,Malaysia,Both,60+ years,Alzheimer's disease and other dementias,Number,2023,116871.59651897858,134700.1010029082,98106.96592964158
All Population,Prevalence,Malaysia,Male,60+ years,Alzheimer's disease and other dementias,Percent,2023,0.0240104702728573,0.0278188219261069,0.0203384236619646
All Population,Prevalence,Malaysia,Female,60+ years,Alzheimer's disease and other dementias,Percent,2023,0.0332179509451977,0.0383054013646952,0.0278775870293735
All Population,Prevalence,Malaysia,Both,60+ years,Alzheimer's disease and other dementias,Percent,2023,0.0286855589966312,0.0330609117309348,0.024079989774625
All Population,Prevalence,Kyrgyzstan,Male,60+ years,Alzheimer's disease and other dementias,Number,2023,6140.011080684784,7078.490798411938,5289.925474142789
All Population,Prevalence,Kyrgyzstan,Female,60+ years,Alzheimer's disease and other dementias,Number,2023,11608.925176389042,13420.781164765838,10036.614483520872
All Population,Prevalence,Kyrgyzstan,Both,60+ years,Alzheimer's disease and other dementias,Number,2023,17748.93625707383,20454.62675341524,15362.728160534814
All Population,Prevalence,Kyrgyzstan,Male,60+ years,Alzheimer's disease and other dementias,Percent,2023,0.0219160343286032,0.0252663611568779,0.0188801142613367
All Population,Prevalence,Kyrgyzstan,Female,60+ years,Alzheimer's disease and other dementias,Percent,2023,0.0311422659227899,0.0360010708387865,0.0269240726109666
All Population,Prevalence,Kyrgyzstan,Both,60+ years,Alzheimer's disease and other dementias,Percent,2023,0.0271834608416704,0.0313258437050766,0.023527977001935
All Population,Prevalence,Guinea,Male,60+ years,Alzheimer's disease and other dementias,Number,2023,7732.019076821844,8908.913176168686,6610.325689351495
All Population,Prevalence,Guinea,Female,60+ years,Alzheimer's disease and other dementias,Number,2023,10909.339434888529,12612.369984561066,9318.22051795074
All Population,Prevalence,Guinea,Both,60+ years,Alzheimer's disease and other dementias,Number,2023,18641.35851171037,21401.091139590502,15897.062143253084
All Population,Prevalence,Guinea,Male,60+ years,Alzheimer's disease and other dementias,Percent,2023,0.0210524401262606,0.0242579841726136,0.0179980024413293
All Population,Prevalence,Guinea,Female,60+ years,Alzheimer's disease and other dementias,Percent,2023,0.0321878102611673,0.0372133762583054,0.0274928007155022
All Population,Prevalence,Guinea,Both,60+ years,Alzheimer's disease and other dementias,Percent,2023,0.0263966415960204,0.0303060245382187,0.0225118292304812
All Population,Prevalence,Comoros,Male,60+ years,Alzheimer's disease and other dementias,Number,2023,1079.5954955465015,1254.6284326595205,919.4801710813388
All Population,Prevalence,Comoros,Female,60+ years,Alzheimer's disease and other dementias,Number,2023,2223.3495308817287,2595.2318472798,1901.7680704299655
All Population,Prevalence,Comoros,Both,60+ years,Alzheimer's disease and other dementias,Number,2023,3302.945026428232,3845.914701611456,2827.4608854341946
All Population,Prevalence,Comoros,Male,60+ years,Alzheimer's disease and other dementias,Percent,2023,0.0334669933069129,0.0388906499825417,0.0285026105232238
All Population,Prevalence,Comoros,Female,60+ years,Alzheimer's disease and other dementias,Percent,2023,0.060440361588122,0.0705513066652568,0.0516968549077226
All Population,Prevalence,Comoros,Both,60+ years,Alzheimer's disease and other dementias,Percent,2023,0.0478380193011991,0.0556974940875392,0.0409480296793011
All Population,Prevalence,Norway,Male,60+ years,Alzheimer's disease and other dementias,Number,2023,32896.9466990226,38396.641758835634,26751.54143940292
All Population,Prevalence,Norway,Female,60+ years,Alzheimer's disease and other dementias,Number,2023,49897.89881980728,58027.05262299943,40840.55351961176
All Population,Prevalence,Norway,Both,60+ years,Alzheimer's disease and other dementias,Number,2023,82794.84551882993,96280.08561070851,67654.63622438927
All Population,Prevalence,Norway,Male,60+ years,Alzheimer's disease and other dementias,Percent,2023,0.0518529265316673,0.0605287724518371,0.0421725626111241
All Population,Prevalence,Norway,Female,60+ years,Alzheimer's disease and other dementias,Percent,2023,0.0721387304396928,0.083894736484689,0.0590427403120263
All Population,Prevalence,Norway,Both,60+ years,Alzheimer's disease and other dementias,Percent,2023,0.0624338276792429,0.07260983813943,0.0510234931611693
All Population,Prevalence,Cyprus,Male,60+ years,Alzheimer's disease and other dementias,Number,2023,4824.191776647013,5626.238645133253,3941.259228086896
All Population,Prevalence,Cyprus,Female,60+ years,Alzheimer's disease and other dementias,Number,2023,6903.426561061862,8081.177848491696,5643.827504072864
All Population,Prevalence,Cyprus,Both,60+ years,Alzheimer's disease and other dementias,Number,2023,11727.618337708873,13614.898363369706,9608.269363910458
All Population,Prevalence,Cyprus,Male,60+ years,Alzheimer's disease and other dementias,Percent,2023,0.0396037990096205,0.0461983054601448,0.0323703162193818
All Population,Prevalence,Cyprus,Female,60+ years,Alzheimer's disease and other dementias,Percent,2023,0.0536651062402197,0.0628267769157178,0.043885460898363
All Population,Prevalence,Cyprus,Both,60+ years,Alzheimer's disease and other dementias,Percent,2023,0.046826116829754,0.0543704827068817,0.0383752925774968
All Population,Prevalence,Afghanistan,Male,60+ years,Alzheimer's disease and other dementias,Number,2023,17745.419569483987,20606.59683797949,14351.952244940392
All Population,Prevalence,Afghanistan,Female,60+ years,Alzheimer's disease and other dementias,Number,2023,24543.345698724428,28511.840309055577,20511.106037082136
All Population,Prevalence,Afghanistan,Both,60+ years,Alzheimer's disease and other dementias,Number,2023,42288.76526820841,49022.03398191988,35255.07580752816
All Population,Prevalence,Afghanistan,Male,60+ years,Alzheimer's disease and other dementias,Percent,2023,0.0443303048863069,0.0514778567704807,0.0358529200397493
All Population,Prevalence,Afghanistan,Female,60+ years,Alzheimer's disease and other dementias,Percent,2023,0.0470781601882213,0.0546910392863486,0.0393436754509267
All Population,Prevalence,Afghanistan,Both,60+ years,Alzheimer's disease and other dementias,Percent,2023,0.0458846615281828,0.0531905391040571,0.0382528562812054
All Population,Prevalence,Kenya,Male,60+ years,Alzheimer's disease and other dementias,Number,2023,33567.20093763189,38937.29828653451,28220.344211963988
All Population,Prevalence,Kenya,Female,60+ years,Alzheimer's disease and other dementias,Number,2023,70361.09991856475,82483.39973077565,59110.6601463548
All Population,Prevalence,Kenya,Both,60+ years,Alzheimer's disease and other dementias,Number,2023,103928.3008561966,121351.38989720945,87700.45351486797
All Population,Prevalence,Kenya,Male,60+ years,Alzheimer's disease and other dementias,Percent,2023,0.0241876826653795,0.028058587420633,0.020334462901023
All Population,Prevalence,Kenya,Female,60+ years,Alzheimer's disease and other dementias,Percent,2023,0.0428138914407927,0.0501897172514331,0.0359679159328172
All Population,Prevalence,Kenya,Both,60+ years,Alzheimer's disease and other dementias,Percent,2023,0.0342862108176529,0.0400338405357281,0.0289318500086778
All Population,Prevalence,Greenland,Male,60+ years,Alzheimer's disease and other dementias,Number,2023,143.9208317542064,166.95613123879986,117.02320064651308
All Population,Prevalence,Greenland,Female,60+ years,Alzheimer's disease and other dementias,Number,2023,176.96880265267424,204.56411890985427,147.70642256305845
All Population,Prevalence,Greenland,Both,60+ years,Alzheimer's disease and other dementias,Number,2023,320.8896344068808,369.6835898955352,265.030631428126
All Population,Prevalence,Greenland,Male,60+ years,Alzheimer's disease and other dementias,Percent,2023,0.0279583661163349,0.0324334382327605,0.0227332289184567
All Population,Prevalence,Greenland,Female,60+ years,Alzheimer's disease and other dementias,Percent,2023,0.0415982743267629,0.0480860937230993,0.0347195097438769
All Population,Prevalence,Greenland,Both,60+ years,Alzheimer's disease and other dementias,Percent,2023,0.0341302291799775,0.0393191966921341,0.0281881802940936
All Population,Prevalence,Honduras,Male,60+ years,Alzheimer's disease and other dementias,Number,2023,15130.788929277212,17631.346382113454,12742.51333848563
All Population,Prevalence,Honduras,Female,60+ years,Alzheimer's disease and other dementias,Number,2023,19163.375274065576,22714.086781051305,16077.313671392549
All Population,Prevalence,Honduras,Both,60+ years,Alzheimer's disease and other dementias,Number,2023,34294.16420334284,40435.683525411965,28840.61453493461
All Population,Prevalence,Honduras,Male,60+ years,Alzheimer's disease and other dementias,Percent,2023,0.0374272137074837,0.0436124215469722,0.0315184929101091
All Population,Prevalence,Honduras,Female,60+ years,Alzheimer's disease and other dementias,Percent,2023,0.0425203695665757,0.0503982151032912,0.0356727470827626
All Population,Prevalence,Honduras,Both,60+ years,Alzheimer's disease and other dementias,Percent,2023,0.0401120413725022,0.0472963674918456,0.0337330111464114
All Population,Prevalence,Togo,Male,60+ years,Alzheimer's disease and other dementias,Number,2023,3214.285065774758,3731.899023908572,2746.6270157508898
All Population,Prevalence,Togo,Female,60+ years,Alzheimer's disease and other dementias,Number,2023,7479.0228555343665,8704.943128987636,6296.154839303241
All Population,Prevalence,Togo,Both,60+ years,Alzheimer's disease and other dementias,Number,2023,10693.30792130912,12371.350548913822,9078.607369145877
All Population,Prevalence,Togo,Male,60+ years,Alzheimer's disease and other dementias,Percent,2023,0.0157892525517303,0.0183320343149021,0.0134917840647065
All Population,Prevalence,Togo,Female,60+ years,Alzheimer's disease and other dementias,Percent,2023,0.027248333946995,0.0317139702682814,0.0229381825331312
All Population,Prevalence,Togo,Both,60+ years,Alzheimer's disease and other dementias,Percent,2023,0.0223685719198634,0.0258783622363949,0.018989996351695
All Population,Prevalence,Congo,Male,60+ years,Alzheimer's disease and other dementias,Number,2023,3653.9731015899415,4073.924251594709,3211.4358079023223
All Population,Prevalence,Congo,Female,60+ years,Alzheimer's disease and other dementias,Number,2023,7513.646055895002,8307.385265325815,6773.782973869293
All Population,Prevalence,Congo,Both,60+ years,Alzheimer's disease and other dementias,Number,2023,11167.619157484933,12330.728171735356,9997.887187586604
All Population,Prevalence,Congo,Male,60+ years,Alzheimer's disease and other dementias,Percent,2023,0.0281296455046342,0.0313616183407027,0.0247226063342205
All Population,Prevalence,Congo,Female,60+ years,Alzheimer's disease and other dementias,Percent,2023,0.0490187403675673,0.0541965257471848,0.0441931449735941
All Population,Prevalence,Congo,Both,60+ years,Alzheimer's disease and other dementias,Percent,2023,0.0394366531006541,0.0435442773033686,0.0353047257173628
All Population,Prevalence,Montenegro,Male,60+ years,Alzheimer's disease and other dementias,Number,2023,2076.685829432849,2423.360940934387,1673.3618478119154
All Population,Prevalence,Montenegro,Female,60+ years,Alzheimer's disease and other dementias,Number,2023,3544.127942985228,4085.403853943664,2934.0535347617424
All Population,Prevalence,Montenegro,Both,60+ years,Alzheimer's disease and other dementias,Number,2023,5620.813772418075,6486.389543482015,4653.586545442078
All Population,Prevalence,Montenegro,Male,60+ years,Alzheimer's disease and other dementias,Percent,2023,0.0299426396474409,0.0349441408054596,0.0241298607296331
All Population,Prevalence,Montenegro,Female,60+ years,Alzheimer's disease and other dementias,Percent,2023,0.0435731795165111,0.0502233232526161,0.0360719900618617
All Population,Prevalence,Montenegro,Both,60+ years,Alzheimer's disease and other dementias,Percent,2023,0.0372998057680864,0.0430447374613471,0.0308817807960689
All Population,Prevalence,Tajikistan,Male,60+ years,Alzheimer's disease and other dementias,Number,2023,7774.924924527677,8922.889451587562,6597.379246746222
All Population,Prevalence,Tajikistan,Female,60+ years,Alzheimer's disease and other dementias,Number,2023,9864.568284663908,11209.164452803278,8427.574060457691
All Population,Prevalence,Tajikistan,Both,60+ years,Alzheimer's disease and other dementias,Number,2023,17639.493209191583,20106.27760144577,15216.619519851542
All Population,Prevalence,Tajikistan,Male,60+ years,Alzheimer's disease and other dementias,Percent,2023,0.0225783032379767,0.0259114281075113,0.0191587430366048
All Population,Prevalence,Tajikistan,Female,60+ years,Alzheimer's disease and other dementias,Percent,2023,0.0278170072757139,0.0316075435610284,0.0237655978700528
All Population,Prevalence,Tajikistan,Both,60+ years,Alzheimer's disease and other dementias,Percent,2023,0.0252361412259823,0.0287668469062749,0.0217685142121153
All Population,Prevalence,Denmark,Male,60+ years,Alzheimer's disease and other dementias,Number,2023,26007.297955219045,30231.977911181788,21909.529929644013
All Population,Prevalence,Denmark,Female,60+ years,Alzheimer's disease and other dementias,Number,2023,38780.095335370046,45044.48285184722,32261.0539365732
All Population,Prevalence,Denmark,Both,60+ years,Alzheimer's disease and other dementias,Number,2023,64787.39329058913,74257.3555096206,54496.858265281706
All Population,Prevalence,Denmark,Male,60+ years,Alzheimer's disease and other dementias,Percent,2023,0.0353117060770291,0.0410513726594899,0.0297570408238087
All Population,Prevalence,Denmark,Female,60+ years,Alzheimer's disease and other dementias,Percent,2023,0.0464624787748206,0.0539643929778779,0.0386516916892252
All Population,Prevalence,Denmark,Both,60+ years,Alzheimer's disease and other dementias,Percent,2023,0.041235378565062,0.0472648811734682,0.0346926802377274
All Population,Prevalence,Palau,Male,60+ years,Alzheimer's disease and other dementias,Number,2023,28.38889104800741,33.269175242154816,23.87931273415189
All Population,Prevalence,Palau,Female,60+ years,Alzheimer's disease and other dementias,Number,2023,37.69370161863543,44.09831500311799,30.872944087986056
All Population,Prevalence,Palau,Both,60+ years,Alzheimer's disease and other dementias,Number,2023,66.08259266664287,76.95158253627595,54.44868080661382
All Population,Prevalence,Palau,Male,60+ years,Alzheimer's disease and other dementias,Percent,2023,0.018814432828301,0.0220483188613579,0.0158259415068046
All Population,Prevalence,Palau,Female,60+ years,Alzheimer's disease and other dementias,Percent,2023,0.0254951703414604,0.029829009005127,0.020881921179455
All Population,Prevalence,Palau,Both,60+ years,Alzheimer's disease and other dementias,Percent,2023,0.0221207817161357,0.0257594647490108,0.0182262018626416
All Population,Prevalence,Madagascar,Male,60+ years,Alzheimer's disease and other dementias,Number,2023,12917.140268591862,14871.997699161326,11063.725728133411
All Population,Prevalence,Madagascar,Female,60+ years,Alzheimer's disease and other dementias,Number,2023,22786.49124505952,26417.70845014538,19295.27750643707
All Population,Prevalence,Madagascar,Both,60+ years,Alzheimer's disease and other dementias,Number,2023,35703.63151365142,41231.921193423244,30536.705910234257
All Population,Prevalence,Madagascar,Male,60+ years,Alzheimer's disease and other dementias,Percent,2023,0.0192425626416262,0.0221550339097267,0.0164805965919255
All Population,Prevalence,Madagascar,Female,60+ years,Alzheimer's disease and other dementias,Percent,2023,0.0324896526711547,0.0376681364289977,0.0275118575181751
All Population,Prevalence,Madagascar,Both,60+ years,Alzheimer's disease and other dementias,Percent,2023,0.0260111938682568,0.0300398906971786,0.0222474430687185
All Population,Prevalence,Liberia,Male,60+ years,Alzheimer's disease and other dementias,Number,2023,2181.359577984688,2486.108481489472,1863.421730456844
All Population,Prevalence,Liberia,Female,60+ years,Alzheimer's disease and other dementias,Number,2023,3730.521734510412,4298.914601601126,3155.070312459306
All Population,Prevalence,Liberia,Both,60+ years,Alzheimer's disease and other dementias,Number,2023,5911.881312495101,6771.611499773694,5018.238639508309
All Population,Prevalence,Liberia,Male,60+ years,Alzheimer's disease and other dementias,Percent,2023,0.0164990852069505,0.0188042597530576,0.0140942486270372
All Population,Prevalence,Liberia,Female,60+ years,Alzheimer's disease and other dementias,Percent,2023,0.0294120233063178,0.0338945708128132,0.0248748880477025
All Population,Prevalence,Liberia,Both,60+ years,Alzheimer's disease and other dementias,Percent,2023,0.0228216050910509,0.0261405934245198,0.0193716303207099
All Population,Prevalence,Albania,Male,60+ years,Alzheimer's disease and other dementias,Number,2023,8872.951082382086,10311.67641175498,7222.839457610493
All Population,Prevalence,Albania,Female,60+ years,Alzheimer's disease and other dementias,Number,2023,14075.985211059264,16347.168366363603,11780.007677614078
All Population,Prevalence,Albania,Both,60+ years,Alzheimer's disease and other dementias,Number,2023,22948.93629344136,26414.95743414407,19185.324870766883
All Population,Prevalence,Albania,Male,60+ years,Alzheimer's disease and other dementias,Percent,2023,0.0299115501748547,0.0347613211020441,0.0243497318043679
All Population,Prevalence,Albania,Female,60+ years,Alzheimer's disease and other dementias,Percent,2023,0.0423225042143178,0.0491559026629384,0.0354203031158589
All Population,Prevalence,Albania,Both,60+ years,Alzheimer's disease and other dementias,Percent,2023,0.0364715584345058,0.0419808748344509,0.0304883747342514
All Population,Prevalence,Suriname,Male,60+ years,Alzheimer's disease and other dementias,Number,2023,1240.3297981517412,1432.0866479251054,1043.6940531722362
All Population,Prevalence,Suriname,Female,60+ years,Alzheimer's disease and other dementias,Number,2023,2068.12628027886,2415.100428767616,1731.63566246882
All Population,Prevalence,Suriname,Both,60+ years,Alzheimer's disease and other dementias,Number,2023,3308.456078430599,3833.607285513557,2786.948058385244
All Population,Prevalence,Suriname,Male,60+ years,Alzheimer's disease and other dementias,Percent,2023,0.0322552890873339,0.0372397471108724,0.0271416924739508
All Population,Prevalence,Suriname,Female,60+ years,Alzheimer's disease and other dementias,Percent,2023,0.0446861879986292,0.0521849840096796,0.037415095849686
All Population,Prevalence,Suriname,Both,60+ years,Alzheimer's disease and other dementias,Percent,2023,0.0390449060056191,0.0452436789734776,0.0328901076293415
All Population,Prevalence,Malawi,Male,60+ years,Alzheimer's disease and other dementias,Number,2023,8158.01618498316,9479.378740773318,6791.120020467125
All Population,Prevalence,Malawi,Female,60+ years,Alzheimer's disease and other dementias,Number,2023,22480.6764778927,26155.34886783124,18788.544093322176
All Population,Prevalence,Malawi,Both,60+ years,Alzheimer's disease and other dementias,Number,2023,30638.69266287586,35545.08064873183,25730.738583730155
All Population,Prevalence,Malawi,Male,60+ years,Alzheimer's disease and other dementias,Percent,2023,0.0218550450152455,0.025393035382009,0.0181929233915983
All Population,Prevalence,Malawi,Female,60+ years,Alzheimer's disease and other dementias,Percent,2023,0.0429606657794639,0.0499831600312055,0.0359037980203824
All Population,Prevalence,Malawi,Both,60+ years,Alzheimer's disease and other dementias,Percent,2023,0.0341734812926137,0.039647897947171,0.0286973857238756
All Population,Prevalence,Netherlands,Male,60+ years,Alzheimer's disease and other dementias,Number,2023,115809.24379047308,132221.19319429272,96589.0562782649
All Population,Prevalence,Netherlands,Female,60+ years,Alzheimer's disease and other dementias,Number,2023,164606.24883968633,189615.07480305305,134400.8642150642
All Population,Prevalence,Netherlands,Both,60+ years,Alzheimer's disease and other dementias,Number,2023,280415.4926301595,319796.0964538371,233118.52408130304
All Population,Prevalence,Netherlands,Male,60+ years,Alzheimer's disease and other dementias,Percent,2023,0.0510083391592545,0.0582418994571269,0.0425476783074004
All Population,Prevalence,Netherlands,Female,60+ years,Alzheimer's disease and other dementias,Percent,2023,0.0651913213546882,0.0750975584992707,0.0532294957762782
All Population,Prevalence,Netherlands,Both,60+ years,Alzheimer's disease and other dementias,Percent,2023,0.0584763017607349,0.0666920312344077,0.0486171162712154
All Population,Prevalence,Bhutan,Male,60+ years,Alzheimer's disease and other dementias,Number,2023,1008.7771046543144,1154.2487346745672,846.5593947984569
All Population,Prevalence,Bhutan,Female,60+ years,Alzheimer's disease and other dementias,Number,2023,1203.8265303764083,1394.3864471383454,1020.0689521628358
All Population,Prevalence,Bhutan,Both,60+ years,Alzheimer's disease and other dementias,Number,2023,2212.603635030723,2538.0459204226145,1875.126746767632
All Population,Prevalence,Bhutan,Male,60+ years,Alzheimer's disease and other dementias,Percent,2023,0.0256272775808344,0.0293253502082479,0.0215075652759825
All Population,Prevalence,Bhutan,Female,60+ years,Alzheimer's disease and other dementias,Percent,2023,0.0313092433399132,0.0362650096796535,0.0265303753558557
All Population,Prevalence,Bhutan,Both,60+ years,Alzheimer's disease and other dementias,Percent,2023,0.0284348950169999,0.0326169833414614,0.0240978403721983
All Population,Prevalence,Cambodia,Male,60+ years,Alzheimer's disease and other dementias,Number,2023,15092.455046319476,17480.90902155714,12849.976465241192
All Population,Prevalence,Cambodia,Female,60+ years,Alzheimer's disease and other dementias,Number,2023,29074.631698061046,33743.637909443685,24348.2670928055
All Population,Prevalence,Cambodia,Both,60+ years,Alzheimer's disease and other dementias,Number,2023,44167.08674438057,50906.60381654729,37433.812286259374
All Population,Prevalence,Cambodia,Male,60+ years,Alzheimer's disease and other dementias,Percent,2023,0.0215531786064306,0.0249629902767594,0.0183511173187578
All Population,Prevalence,Cambodia,Female,60+ years,Alzheimer's disease and other dementias,Percent,2023,0.0292414268468108,0.0339362503835637,0.0244891525588555
All Population,Prevalence,Cambodia,Both,60+ years,Alzheimer's disease and other dementias,Percent,2023,0.026064372639961,0.0300414881957094,0.0220915418589256
All Population,Prevalence,Democratic People's Republic of Korea,Male,60+ years,Alzheimer's disease and other dementias,Number,2023,35982.667244147735,42043.38502828132,28617.997783562045
All Population,Prevalence,Democratic People's Republic of Korea,Female,60+ years,Alzheimer's disease and other dementias,Number,2023,112729.3451235913,132359.2799778825,90188.00723417716
All Population,Prevalence,Democratic People's Republic of Korea,Both,60+ years,Alzheimer's disease and other dementias,Number,2023,148712.012367739,173600.55907036562,118763.38074096272
All Population,Prevalence,Democratic People's Republic of Korea,Male,60+ years,Alzheimer's disease and other dementias,Percent,2023,0.0216189669542078,0.0252608984406667,0.0171960282249195
All Population,Prevalence,Democratic People's Republic of Korea,Female,60+ years,Alzheimer's disease and other dementias,Percent,2023,0.0460674886508034,0.0540889316956272,0.0368520592394025
All Population,Prevalence,Democratic People's Republic of Korea,Both,60+ years,Alzheimer's disease and other dementias,Percent,2023,0.036170209255822,0.0422262515391248,0.0288835999254774
All Population,Prevalence,Nicaragua,Male,60+ years,Alzheimer's disease and other dementias,Number,2023,9260.008155337086,10806.878122946162,7740.615530472752
All Population,Prevalence,Nicaragua,Female,60+ years,Alzheimer's disease and other dementias,Number,2023,15531.92482127906,17928.121489654728,13175.43588924066
All Population,Prevalence,Nicaragua,Both,60+ years,Alzheimer's disease and other dementias,Number,2023,24791.93297661611,28507.09768236045,20954.30063372669
All Population,Prevalence,Nicaragua,Male,60+ years,Alzheimer's disease and other dementias,Percent,2023,0.0350215790354381,0.0408719617607561,0.0292746428642056
All Population,Prevalence,Nicaragua,Female,60+ years,Alzheimer's disease and other dementias,Percent,2023,0.0460440655588007,0.0531470322084823,0.039057778325798
All Population,Prevalence,Nicaragua,Both,60+ years,Alzheimer's disease and other dementias,Percent,2023,0.0412006782639008,0.0473757010993693,0.0348232388829927
All Population,Prevalence,Jordan,Male,60+ years,Alzheimer's disease and other dementias,Number,2023,16810.791352593013,19576.004073216583,14363.18946320474
All Population,Prevalence,Jordan,Female,60+ years,Alzheimer's disease and other dementias,Number,2023,20954.84945348759,24432.94390701521,17566.09377714741
All Population,Prevalence,Jordan,Both,60+ years,Alzheimer's disease and other dementias,Number,2023,37765.64080608064,43681.65444292968,31963.338249110704
All Population,Prevalence,Jordan,Male,60+ years,Alzheimer's disease and other dementias,Percent,2023,0.0342773394197318,0.0399196151748987,0.0292867106228831
All Population,Prevalence,Jordan,Female,60+ years,Alzheimer's disease and other dementias,Percent,2023,0.0461430010651449,0.0538027145837066,0.0386804600873211
All Population,Prevalence,Jordan,Both,60+ years,Alzheimer's disease and other dementias,Percent,2023,0.0399821325967665,0.046243946425402,0.033840358230816
All Population,Prevalence,Mozambique,Male,60+ years,Alzheimer's disease and other dementias,Number,2023,15246.768075623226,17669.01044578603,12816.25574181919
All Population,Prevalence,Mozambique,Female,60+ years,Alzheimer's disease and other dementias,Number,2023,38602.336443497705,44580.56031473036,32489.66100067024
All Population,Prevalence,Mozambique,Both,60+ years,Alzheimer's disease and other dementias,Number,2023,53849.10451912096,62034.47813078922,45605.40464284175
All Population,Prevalence,Mozambique,Male,60+ years,Alzheimer's disease and other dementias,Percent,2023,0.0239223744023951,0.0277242904370442,0.0201086856418618
All Population,Prevalence,Mozambique,Female,60+ years,Alzheimer's disease and other dementias,Percent,2023,0.0476414792412158,0.0550198557927744,0.0400974466467525
All Population,Prevalence,Mozambique,Both,60+ years,Alzheimer's disease and other dementias,Percent,2023,0.0371986065257467,0.042853280290509,0.0315034281452891
All Population,Prevalence,Taiwan,Male,60+ years,Alzheimer's disease and other dementias,Number,2023,73364.14943453748,84178.42898033751,59438.64275536653
All Population,Prevalence,Taiwan,Female,60+ years,Alzheimer's disease and other dementias,Number,2023,147862.28764066595,172075.56027247908,121697.399705505
All Population,Prevalence,Taiwan,Both,60+ years,Alzheimer's disease and other dementias,Number,2023,221226.43707520337,254277.0328030848,181642.85227583605
All Population,Prevalence,Taiwan,Male,60+ years,Alzheimer's disease and other dementias,Percent,2023,0.0263549161059748,0.0302383887619745,0.0213536577518145
All Population,Prevalence,Taiwan,Female,60+ years,Alzheimer's disease and other dementias,Percent,2023,0.0455628739947364,0.0530260941386256,0.0375028348134539
All Population,Prevalence,Taiwan,Both,60+ years,Alzheimer's disease and other dementias,Percent,2023,0.0366941164153746,0.0421791125672617,0.0301293226762262
All Population,Prevalence,Timor-Leste,Male,60+ years,Alzheimer's disease and other dementias,Number,2023,1272.5859689580914,1490.5982735155008,1073.8923153393705
All Population,Prevalence,Timor-Leste,Female,60+ years,Alzheimer's disease and other dementias,Number,2023,1648.8996028610484,1937.447629709932,1371.507039658843
All Population,Prevalence,Timor-Leste,Both,60+ years,Alzheimer's disease and other dementias,Number,2023,2921.4855718191407,3396.385747682298,2458.056917627473
All Population,Prevalence,Timor-Leste,Male,60+ years,Alzheimer's disease and other dementias,Percent,2023,0.0245516732573244,0.0287573903508052,0.0207185834466187
All Population,Prevalence,Timor-Leste,Female,60+ years,Alzheimer's disease and other dementias,Percent,2023,0.030593733176097,0.0359468271016269,0.025447473341057
All Population,Prevalence,Timor-Leste,Both,60+ years,Alzheimer's disease and other dementias,Percent,2023,0.0276316686331667,0.0321223678929697,0.0232476426455339
All Population,Prevalence,Guyana,Male,60+ years,Alzheimer's disease and other dementias,Number,2023,1238.1414471708672,1438.6943579241954,1045.8338972419008
All Population,Prevalence,Guyana,Female,60+ years,Alzheimer's disease and other dementias,Number,2023,1882.899838263089,2204.5093197675283,1608.010303176457
All Population,Prevalence,Guyana,Both,60+ years,Alzheimer's disease and other dementias,Number,2023,3121.0412854339547,3632.5029092094246,2647.978039494067
All Population,Prevalence,Guyana,Male,60+ years,Alzheimer's disease and other dementias,Percent,2023,0.0291628049016743,0.0338873436687398,0.0246330320903215
All Population,Prevalence,Guyana,Female,60+ years,Alzheimer's disease and other dementias,Percent,2023,0.0385298998233787,0.0451107428703831,0.0329039471863292
All Population,Prevalence,Guyana,Both,60+ years,Alzheimer's disease and other dementias,Percent,2023,0.0341752062769938,0.0397746485933908,0.0289949308020365
All Population,Prevalence,Colombia,Male,60+ years,Alzheimer's disease and other dementias,Number,2023,131891.78683324603,152838.63118590685,111722.04282566105
All Population,Prevalence,Colombia,Female,60+ years,Alzheimer's disease and other dementias,Number,2023,220596.8990401017,254545.6924180336,189316.2976409025
All Population,Prevalence,Colombia,Both,60+ years,Alzheimer's disease and other dementias,Number,2023,352488.68587334745,405097.5486042904,300815.34198406024
All Population,Prevalence,Colombia,Male,60+ years,Alzheimer's disease and other dementias,Percent,2023,0.0392648762312179,0.0455032354184317,0.0332594633476079
All Population,Prevalence,Colombia,Female,60+ years,Alzheimer's disease and other dementias,Percent,2023,0.0522377176811717,0.060276735306755,0.0448301211370719
All Population,Prevalence,Colombia,Both,60+ years,Alzheimer's disease and other dementias,Percent,2023,0.0464903806311805,0.0534312582588532,0.0396743291631057
All Population,Prevalence,Eswatini,Male,60+ years,Alzheimer's disease and other dementias,Number,2023,787.302782914692,912.9881086221149,661.5087654837398
All Population,Prevalence,Eswatini,Female,60+ years,Alzheimer's disease and other dementias,Number,2023,2322.845053584782,2716.952952309154,1962.151877524681
All Population,Prevalence,Eswatini,Both,60+ years,Alzheimer's disease and other dementias,Number,2023,3110.1478364994723,3613.548330799736,2624.653475817487
All Population,Prevalence,Eswatini,Male,60+ years,Alzheimer's disease and other dementias,Percent,2023,0.0235140934245481,0.027267202599237,0.0197572644842375
All Population,Prevalence,Eswatini,Female,60+ years,Alzheimer's disease and other dementias,Percent,2023,0.044468881688531,0.0520138341294182,0.0375628312294575
All Population,Prevalence,Eswatini,Both,60+ years,Alzheimer's disease and other dementias,Percent,2023,0.0362837149091842,0.0421555598529425,0.0306197178611801
All Population,Prevalence,Cabo Verde,Male,60+ years,Alzheimer's disease and other dementias,Number,2023,433.8793339530235,500.6654028111601,362.96629111776735
All Population,Prevalence,Cabo Verde,Female,60+ years,Alzheimer's disease and other dementias,Number,2023,1161.324876806468,1345.050987382711,987.352046572268
All Population,Prevalence,Cabo Verde,Both,60+ years,Alzheimer's disease and other dementias,Number,2023,1595.204210759492,1836.540522254399,1352.9308798641432
All Population,Prevalence,Cabo Verde,Male,60+ years,Alzheimer's disease and other dementias,Percent,2023,0.0202066793114156,0.0233128735662426,0.0169045755852727
All Population,Prevalence,Cabo Verde,Female,60+ years,Alzheimer's disease and other dementias,Percent,2023,0.0387510242240062,0.0448801501948981,0.0329446993334804
All Population,Prevalence,Cabo Verde,Both,60+ years,Alzheimer's disease and other dementias,Percent,2023,0.0310103947629118,0.0356998222133348,0.0262983065469912
All Population,Prevalence,Egypt,Male,60+ years,Alzheimer's disease and other dementias,Number,2023,123278.17543740231,141200.02845987736,105696.98809528464
All Population,Prevalence,Egypt,Female,60+ years,Alzheimer's disease and other dementias,Number,2023,148468.08168916567,168745.25083693126,126045.08103686344
All Population,Prevalence,Egypt,Both,60+ years,Alzheimer's disease and other dementias,Number,2023,271746.2571265681,309544.3690215539,233103.68941270016
All Population,Prevalence,Egypt,Male,60+ years,Alzheimer's disease and other dementias,Percent,2023,0.028616362492556,0.0327768332183984,0.0245356196293258
All Population,Prevalence,Egypt,Female,60+ years,Alzheimer's disease and other dementias,Percent,2023,0.0381425684447408,0.0433522248642226,0.0323825344118685
All Population,Prevalence,Egypt,Both,60+ years,Alzheimer's disease and other dementias,Percent,2023,0.0331381218135553,0.0377477120609083,0.0284262720643437
All Population,Prevalence,Seychelles,Male,60+ years,Alzheimer's disease and other dementias,Number,2023,144.6337774896186,168.07896451632968,121.69602941427156
All Population,Prevalence,Seychelles,Female,60+ years,Alzheimer's disease and other dementias,Number,2023,285.85730121997415,330.2038649714727,239.56649891350136
All Population,Prevalence,Seychelles,Both,60+ years,Alzheimer's disease and other dementias,Number,2023,430.4910787095925,494.3602363092172,360.23596173098883
All Population,Prevalence,Seychelles,Male,60+ years,Alzheimer's disease and other dementias,Percent,2023,0.0190349049466265,0.0221190897110299,0.0160171128471137
All Population,Prevalence,Seychelles,Female,60+ years,Alzheimer's disease and other dementias,Percent,2023,0.035250050304288,0.0407181358889179,0.0295434589722518
All Population,Prevalence,Seychelles,Both,60+ years,Alzheimer's disease and other dementias,Percent,2023,0.0274062685011424,0.0314720056862067,0.0229329123176408
All Population,Prevalence,Antigua and Barbuda,Male,60+ years,Alzheimer's disease and other dementias,Number,2023,225.25006458678396,261.4272383030247,190.1946051257289
All Population,Prevalence,Antigua and Barbuda,Female,60+ years,Alzheimer's disease and other dementias,Number,2023,357.5747565843353,414.9635302339152,304.9227364121731
All Population,Prevalence,Antigua and Barbuda,Both,60+ years,Alzheimer's disease and other dementias,Number,2023,582.8248211711192,672.7135318825899,495.41261935186907
All Population,Prevalence,Antigua and Barbuda,Male,60+ years,Alzheimer's disease and other dementias,Percent,2023,0.0322468804888965,0.0374263173671547,0.0272275757496177
All Population,Prevalence,Antigua and Barbuda,Female,60+ years,Alzheimer's disease and other dementias,Percent,2023,0.0447979011222142,0.051988806488718,0.0382009525795244
All Population,Prevalence,Antigua and Barbuda,Both,60+ years,Alzheimer's disease and other dementias,Percent,2023,0.0389403265149174,0.0449448303425581,0.033099267496852
All Population,Prevalence,Estonia,Male,60+ years,Alzheimer's disease and other dementias,Number,2023,4674.261520175142,5479.458128367137,3900.035248504435
All Population,Prevalence,Estonia,Female,60+ years,Alzheimer's disease and other dementias,Number,2023,13132.281176234254,15332.349640462322,10978.86237191437
All Population,Prevalence,Estonia,Both,60+ years,Alzheimer's disease and other dementias,Number,2023,17806.542696409397,20769.824673100527,14918.864095937524
All Population,Prevalence,Estonia,Male,60+ years,Alzheimer's disease and other dementias,Percent,2023,0.0341174301436996,0.0399952400922151,0.0284668121895829
All Population,Prevalence,Estonia,Female,60+ years,Alzheimer's disease and other dementias,Percent,2023,0.0582074304269435,0.0679576476968861,0.0486667387233146
All Population,Prevalence,Estonia,Both,60+ years,Alzheimer's disease and other dementias,Percent,2023,0.0491056676309952,0.0572780289375899,0.0411416347821653
All Population,Prevalence,Uganda,Male,60+ years,Alzheimer's disease and other dementias,Number,2023,18522.872278709925,21456.05578583108,15538.209366353063
All Population,Prevalence,Uganda,Female,60+ years,Alzheimer's disease and other dementias,Number,2023,43496.25394412928,50418.78493862045,36891.07612283469
All Population,Prevalence,Uganda,Both,60+ years,Alzheimer's disease and other dementias,Number,2023,62019.126222839215,71633.62122201658,52414.735322412285
All Population,Prevalence,Uganda,Male,60+ years,Alzheimer's disease and other dementias,Percent,2023,0.0234754539281973,0.027191113413019,0.0196924262520093
All Population,Prevalence,Uganda,Female,60+ years,Alzheimer's disease and other dementias,Percent,2023,0.0420106467186523,0.0486954339038596,0.0356313521224417
All Population,Prevalence,Uganda,Both,60+ years,Alzheimer's disease and other dementias,Percent,2023,0.0339943687447736,0.0392644536874286,0.0287300060792611
All Population,Prevalence,Bosnia and Herzegovina,Male,60+ years,Alzheimer's disease and other dementias,Number,2023,11412.93236594464,13174.710214749128,9357.370781727244
All Population,Prevalence,Bosnia and Herzegovina,Female,60+ years,Alzheimer's disease and other dementias,Number,2023,21478.406965135346,24758.658744330285,17739.577418676672
All Population,Prevalence,Bosnia and Herzegovina,Both,60+ years,Alzheimer's disease and other dementias,Number,2023,32891.339331079995,37900.08746394028,27244.593653745244
All Population,Prevalence,Bosnia and Herzegovina,Male,60+ years,Alzheimer's disease and other dementias,Percent,2023,0.0303550412568641,0.0350394128833943,0.0248868127592967
All Population,Prevalence,Bosnia and Herzegovina,Female,60+ years,Alzheimer's disease and other dementias,Percent,2023,0.0446222121516031,0.0514325192188297,0.0368572138761293
All Population,Prevalence,Bosnia and Herzegovina,Both,60+ years,Alzheimer's disease and other dementias,Percent,2023,0.038365284642135,0.0442037820908068,0.0317809987951556
All Population,Prevalence,Mauritius,Male,60+ years,Alzheimer's disease and other dementias,Number,2023,2364.755833780666,2738.324742927278,2017.6674636816003
All Population,Prevalence,Mauritius,Female,60+ years,Alzheimer's disease and other dementias,Number,2023,4453.361677457984,5134.000323117682,3751.450550102388
All Population,Prevalence,Mauritius,Both,60+ years,Alzheimer's disease and other dementias,Number,2023,6818.117511238647,7838.458789745071,5769.840405797399
All Population,Prevalence,Mauritius,Male,60+ years,Alzheimer's disease and other dementias,Percent,2023,0.0209227866113323,0.0242270605623694,0.0178523486446684
All Population,Prevalence,Mauritius,Female,60+ years,Alzheimer's disease and other dementias,Percent,2023,0.0319980298449918,0.0368881448891398,0.0269553835641471
All Population,Prevalence,Mauritius,Both,60+ years,Alzheimer's disease and other dementias,Percent,2023,0.0270346615302578,0.0310802544386857,0.0228779202790423
All Population,Prevalence,Mali,Male,60+ years,Alzheimer's disease and other dementias,Number,2023,10958.7207864783,12671.258459144688,9373.763551151798
All Population,Prevalence,Mali,Female,60+ years,Alzheimer's disease and other dementias,Number,2023,14557.86076259716,16809.774072434142,12299.904648724496
All Population,Prevalence,Mali,Both,60+ years,Alzheimer's disease and other dementias,Number,2023,25516.58154907546,29350.897452885507,21721.74902864859
All Population,Prevalence,Mali,Male,60+ years,Alzheimer's disease and other dementias,Percent,2023,0.018902070430174,0.0218553917479867,0.0161691150217092
All Population,Prevalence,Mali,Female,60+ years,Alzheimer's disease and other dementias,Percent,2023,0.0284126532322071,0.0328075669135733,0.0240063620443826
All Population,Prevalence,Mali,Both,60+ years,Alzheimer's disease and other dementias,Percent,2023,0.0233639351084598,0.0268751212421527,0.0198896017493263
All Population,Prevalence,Equatorial Guinea,Male,60+ years,Alzheimer's disease and other dementias,Number,2023,543.028933828385,626.380972287843,456.58663090477535
All Population,Prevalence,Equatorial Guinea,Female,60+ years,Alzheimer's disease and other dementias,Number,2023,1797.918554746877,2082.948510567412,1515.5980962177175
All Population,Prevalence,Equatorial Guinea,Both,60+ years,Alzheimer's disease and other dementias,Number,2023,2340.94748857526,2705.640381470138,1965.6319256003776
All Population,Prevalence,Equatorial Guinea,Male,60+ years,Alzheimer's disease and other dementias,Percent,2023,0.0271123425353205,0.0312700460485649,0.0227957826010551
All Population,Prevalence,Equatorial Guinea,Female,60+ years,Alzheimer's disease and other dementias,Percent,2023,0.0531256979174957,0.0615474070807838,0.0447835533488561
All Population,Prevalence,Equatorial Guinea,Both,60+ years,Alzheimer's disease and other dementias,Percent,2023,0.0434542255173133,0.0502243269475808,0.0364873814294171
All Population,Prevalence,Northern Mariana Islands,Male,60+ years,Alzheimer's disease and other dementias,Number,2023,51.96238883800489,61.086735836479534,42.987085665199295
All Population,Prevalence,Northern Mariana Islands,Female,60+ years,Alzheimer's disease and other dementias,Number,2023,66.41677844749788,77.66227946435922,56.27470859472788
All Population,Prevalence,Northern Mariana Islands,Both,60+ years,Alzheimer's disease and other dementias,Number,2023,118.37916728550276,137.10130199574738,99.47390469552616
All Population,Prevalence,Northern Mariana Islands,Male,60+ years,Alzheimer's disease and other dementias,Percent,2023,0.0159545560376151,0.0187570745430301,0.0131977621623302
All Population,Prevalence,Northern Mariana Islands,Female,60+ years,Alzheimer's disease and other dementias,Percent,2023,0.0247756535965959,0.0289724913198195,0.0209917749981242
All Population,Prevalence,Northern Mariana Islands,Both,60+ years,Alzheimer's disease and other dementias,Percent,2023,0.0199371159594863,0.0230908692207388,0.0167522023926655
All Population,Prevalence,Democratic Republic of the Congo,Male,60+ years,Alzheimer's disease and other dementias,Number,2023,45417.991174990086,52304.79342961132,38887.37596204775
All Population,Prevalence,Democratic Republic of the Congo,Female,60+ years,Alzheimer's disease and other dementias,Number,2023,126154.32108592655,146977.39471809677,107952.29309444292
All Population,Prevalence,Democratic Republic of the Congo,Both,60+ years,Alzheimer's disease and other dementias,Number,2023,171572.31226091657,199395.79965680788,146478.4616840641
All Population,Prevalence,Democratic Republic of the Congo,Male,60+ years,Alzheimer's disease and other dementias,Percent,2023,0.0229969179893034,0.026483192601102,0.0196901216818343
All Population,Prevalence,Democratic Republic of the Congo,Female,60+ years,Alzheimer's disease and other dementias,Percent,2023,0.0494920961011374,0.0576610901427006,0.0423506470179828
All Population,Prevalence,Democratic Republic of the Congo,Both,60+ years,Alzheimer's disease and other dementias,Percent,2023,0.037925426000262,0.0440783707185945,0.0323784366904926
All Population,Prevalence,Rwanda,Male,60+ years,Alzheimer's disease and other dementias,Number,2023,6874.851444168811,8026.547361358005,5800.770525064594
All Population,Prevalence,Rwanda,Female,60+ years,Alzheimer's disease and other dementias,Number,2023,19134.460664567727,21889.64622573495,16151.61597716917
All Population,Prevalence,Rwanda,Both,60+ years,Alzheimer's disease and other dementias,Number,2023,26009.312108736533,29838.510144976368,22136.731855822734
All Population,Prevalence,Rwanda,Male,60+ years,Alzheimer's disease and other dementias,Percent,2023,0.0194794218199204,0.0227410870441448,0.016435000141576
All Population,Prevalence,Rwanda,Female,60+ years,Alzheimer's disease and other dementias,Percent,2023,0.0378588298850464,0.0433084316464521,0.0319562375208469
All Population,Prevalence,Rwanda,Both,60+ years,Alzheimer's disease and other dementias,Percent,2023,0.0303016994874529,0.0347595284357612,0.0257884346159987
All Population,Prevalence,Gabon,Male,60+ years,Alzheimer's disease and other dementias,Number,2023,2050.9921813770734,2374.0399306990867,1728.8851139880069
All Population,Prevalence,Gabon,Female,60+ years,Alzheimer's disease and other dementias,Number,2023,4341.988596376358,5009.314988396487,3691.480667360896
All Population,Prevalence,Gabon,Both,60+ years,Alzheimer's disease and other dementias,Number,2023,6392.980777753436,7359.821337801426,5455.554633480151
All Population,Prevalence,Gabon,Male,60+ years,Alzheimer's disease and other dementias,Percent,2023,0.0282831334893669,0.0327354001887536,0.0238427516295384
All Population,Prevalence,Gabon,Female,60+ years,Alzheimer's disease and other dementias,Percent,2023,0.0594457642354844,0.0685818651580562,0.0505393060578618
All Population,Prevalence,Gabon,Both,60+ years,Alzheimer's disease and other dementias,Percent,2023,0.0439206179533026,0.0505645985550877,0.0374797426684442
All Population,Prevalence,Republic of Korea,Male,60+ years,Alzheimer's disease and other dementias,Number,2023,226235.10106983563,258397.97347895324,191440.0165635749
All Population,Prevalence,Republic of Korea,Female,60+ years,Alzheimer's disease and other dementias,Number,2023,431207.87580980017,491361.17916393705,366351.0410335364
All Population,Prevalence,Republic of Korea,Both,60+ years,Alzheimer's disease and other dementias,Number,2023,657442.976879636,745856.9387174958,560246.3496266325
All Population,Prevalence,Republic of Korea,Male,60+ years,Alzheimer's disease and other dementias,Percent,2023,0.0361167205021253,0.0412577660007623,0.030562544379739
All Population,Prevalence,Republic of Korea,Female,60+ years,Alzheimer's disease and other dementias,Percent,2023,0.0582827075824284,0.0664196277921668,0.049514238858292
All Population,Prevalence,Republic of Korea,Both,60+ years,Alzheimer's disease and other dementias,Percent,2023,0.0481200603790856,0.0545860537717682,0.0409975650728626
All Population,Prevalence,Azerbaijan,Male,60+ years,Alzheimer's disease and other dementias,Number,2023,15872.22996949622,18287.309128194596,13461.220530283055
All Population,Prevalence,Azerbaijan,Female,60+ years,Alzheimer's disease and other dementias,Number,2023,26350.011892506383,30288.874869540006,22501.552396233463
All Population,Prevalence,Azerbaijan,Both,60+ years,Alzheimer's disease and other dementias,Number,2023,42222.24186200262,48259.70580067528,36241.847963339664
All Population,Prevalence,Azerbaijan,Male,60+ years,Alzheimer's disease and other dementias,Percent,2023,0.023884245273595,0.0275207364370508,0.0202538637033663
All Population,Prevalence,Azerbaijan,Female,60+ years,Alzheimer's disease and other dementias,Percent,2023,0.0321968481130154,0.037012326081907,0.0274941679612453
All Population,Prevalence,Azerbaijan,Both,60+ years,Alzheimer's disease and other dementias,Percent,2023,0.0284717599771348,0.0325435927498725,0.0244376800522035
All Population,Prevalence,Germany,Male,60+ years,Alzheimer's disease and other dementias,Number,2023,712480.2740462807,811274.8080548579,614272.6244333884
All Population,Prevalence,Germany,Female,60+ years,Alzheimer's disease and other dementias,Number,2023,1346331.4591393447,1503569.2031392783,1165038.775760235
All Population,Prevalence,Germany,Both,60+ years,Alzheimer's disease and other dementias,Number,2023,2058811.7331856252,2311303.094563681,1789471.2977232658
All Population,Prevalence,Germany,Male,60+ years,Alzheimer's disease and other dementias,Percent,2023,0.062244309179358,0.0708714570737034,0.0536706147228612
All Population,Prevalence,Germany,Female,60+ years,Alzheimer's disease and other dementias,Percent,2023,0.0982048790114717,0.1096720175020464,0.0849971826021168
All Population,Prevalence,Germany,Both,60+ years,Alzheimer's disease and other dementias,Percent,2023,0.0818420098970655,0.0918753012677845,0.0711531870467925
All Population,Prevalence,Costa Rica,Male,60+ years,Alzheimer's disease and other dementias,Number,2023,14151.340319155826,16355.652486873842,11992.635810873058
All Population,Prevalence,Costa Rica,Female,60+ years,Alzheimer's disease and other dementias,Number,2023,20682.14931364815,24070.24439520667,17660.121306651414
All Population,Prevalence,Costa Rica,Both,60+ years,Alzheimer's disease and other dementias,Number,2023,34833.489632804005,40383.30984441263,29731.853960167053
All Population,Prevalence,Costa Rica,Male,60+ years,Alzheimer's disease and other dementias,Percent,2023,0.0375642358102853,0.0434138889369333,0.0318327978184036
All Population,Prevalence,Costa Rica,Female,60+ years,Alzheimer's disease and other dementias,Percent,2023,0.050001940329199,0.0581936913542565,0.0426959003953077
All Population,Prevalence,Costa Rica,Both,60+ years,Alzheimer's disease and other dementias,Percent,2023,0.0440734588324707,0.0510956946855328,0.0376187361081801
All Population,Prevalence,Bahamas,Male,60+ years,Alzheimer's disease and other dementias,Number,2023,705.7040268805586,811.196253035392,606.8473239530368
All Population,Prevalence,Bahamas,Female,60+ years,Alzheimer's disease and other dementias,Number,2023,1173.5379102479417,1366.9916085850523,1006.78729693731
All Population,Prevalence,Bahamas,Both,60+ years,Alzheimer's disease and other dementias,Number,2023,1879.2419371285005,2173.0574224374704,1614.0259463611503
All Population,Prevalence,Bahamas,Male,60+ years,Alzheimer's disease and other dementias,Percent,2023,0.0290219998371451,0.0333634719058173,0.0249557151082563
All Population,Prevalence,Bahamas,Female,60+ years,Alzheimer's disease and other dementias,Percent,2023,0.0387332257151827,0.0451174275360945,0.0332288713073948
All Population,Prevalence,Bahamas,Both,60+ years,Alzheimer's disease and other dementias,Percent,2023,0.0344094399355653,0.0397878503292873,0.0295533843550986
All Population,Prevalence,Spain,Male,60+ years,Alzheimer's disease and other dementias,Number,2023,205570.53262093436,238618.85629161663,172499.810448846
All Population,Prevalence,Spain,Female,60+ years,Alzheimer's disease and other dementias,Number,2023,411676.3891282543,476110.0236656806,342305.7339636311
All Population,Prevalence,Spain,Both,60+ years,Alzheimer's disease and other dementias,Number,2023,617246.9217491883,711454.2721910251,513983.6153705628
All Population,Prevalence,Spain,Male,60+ years,Alzheimer's disease and other dementias,Percent,2023,0.0359648122391388,0.0417521822308229,0.0301829489512399
All Population,Prevalence,Spain,Female,60+ years,Alzheimer's disease and other dementias,Percent,2023,0.058356845999295,0.0674994758720947,0.0485285213061041
All Population,Prevalence,Spain,Both,60+ years,Alzheimer's disease and other dementias,Percent,2023,0.0483343969763599,0.0557117609899688,0.0402504693928705
All Population,Prevalence,New Zealand,Male,60+ years,Alzheimer's disease and other dementias,Number,2023,29933.873814591618,35073.241614447485,24539.54976936968
All Population,Prevalence,New Zealand,Female,60+ years,Alzheimer's disease and other dementias,Number,2023,47470.82022475734,55347.63048978776,39277.63179611529
All Population,Prevalence,New Zealand,Both,60+ years,Alzheimer's disease and other dementias,Number,2023,77404.69403934905,89977.28984328885,64329.3274721697
All Population,Prevalence,New Zealand,Male,60+ years,Alzheimer's disease and other dementias,Percent,2023,0.0553376943570491,0.0648410874260043,0.045365902264227
All Population,Prevalence,New Zealand,Female,60+ years,Alzheimer's disease and other dementias,Percent,2023,0.078914513847668,0.0920065986580337,0.065297498510483
All Population,Prevalence,New Zealand,Both,60+ years,Alzheimer's disease and other dementias,Percent,2023,0.0677515603642378,0.0787571561722701,0.0563068472213987
All Population,Prevalence,Oman,Male,60+ years,Alzheimer's disease and other dementias,Number,2023,3041.422427464719,3532.848049811893,2484.853574764874
All Population,Prevalence,Oman,Female,60+ years,Alzheimer's disease and other dementias,Number,2023,4497.957229071062,5168.276048848191,3856.7862499114462
All Population,Prevalence,Oman,Both,60+ years,Alzheimer's disease and other dementias,Number,2023,7539.379656535781,8649.995918150054,6376.87723611236
All Population,Prevalence,Oman,Male,60+ years,Alzheimer's disease and other dementias,Percent,2023,0.0254426037032964,0.029551695250485,0.0207865436583823
All Population,Prevalence,Oman,Female,60+ years,Alzheimer's disease and other dementias,Percent,2023,0.0419847119035528,0.0482411323413556,0.0360001037123098
All Population,Prevalence,Oman,Both,60+ years,Alzheimer's disease and other dementias,Percent,2023,0.0332609291449481,0.0381588205365862,0.0281347227425857
All Population,Prevalence,Paraguay,Male,60+ years,Alzheimer's disease and other dementias,Number,2023,12962.243446932704,15039.851793129856,10963.193100323131
All Population,Prevalence,Paraguay,Female,60+ years,Alzheimer's disease and other dementias,Number,2023,20742.174022277435,23899.38324981673,17645.82332029922
All Population,Prevalence,Paraguay,Both,60+ years,Alzheimer's disease and other dementias,Number,2023,33704.41746921016,38988.22662445904,28682.29508075834
All Population,Prevalence,Paraguay,Male,60+ years,Alzheimer's disease and other dementias,Percent,2023,0.0404109222656661,0.0468899588568373,0.0341778150648318
All Population,Prevalence,Paraguay,Female,60+ years,Alzheimer's disease and other dementias,Percent,2023,0.0549891781420335,0.0633579953410487,0.0467804095638307
All Population,Prevalence,Paraguay,Both,60+ years,Alzheimer's disease and other dementias,Percent,2023,0.0482895143891189,0.055863100429237,0.0410938174830349
All Population,Prevalence,Portugal,Male,60+ years,Alzheimer's disease and other dementias,Number,2023,70674.67443999756,83468.41990335261,58208.55382042535
All Population,Prevalence,Portugal,Female,60+ years,Alzheimer's disease and other dementias,Number,2023,97297.106531242,113740.0054884546,80257.54478959068
All Population,Prevalence,Portugal,Both,60+ years,Alzheimer's disease and other dementias,Number,2023,167971.78097123958,195768.69697405648,138907.81046034815
All Population,Prevalence,Portugal,Male,60+ years,Alzheimer's disease and other dementias,Percent,2023,0.0505480329738184,0.0596947899151216,0.0416337738612429
All Population,Prevalence,Portugal,Female,60+ years,Alzheimer's disease and other dementias,Percent,2023,0.0539829781726001,0.0631115955824637,0.0445279381104738
All Population,Prevalence,Portugal,Both,60+ years,Alzheimer's disease and other dementias,Percent,2023,0.0524824040890368,0.061172420301441,0.0434035733109451
All Population,Prevalence,Trinidad and Tobago,Male,60+ years,Alzheimer's disease and other dementias,Number,2023,3727.780434118813,4343.899729364938,3159.577544578803
All Population,Prevalence,Trinidad and Tobago,Female,60+ years,Alzheimer's disease and other dementias,Number,2023,5850.418324146015,6902.628918390513,4898.851285283414
All Population,Prevalence,Trinidad and Tobago,Both,60+ years,Alzheimer's disease and other dementias,Number,2023,9578.198758264827,11156.467578522848,8073.993347052081
All Population,Prevalence,Trinidad and Tobago,Male,60+ years,Alzheimer's disease and other dementias,Percent,2023,0.0297538580732382,0.0346714047929298,0.0252182233049079
All Population,Prevalence,Trinidad and Tobago,Female,60+ years,Alzheimer's disease and other dementias,Percent,2023,0.0412084727578357,0.0486191617600486,0.0345058556681321
All Population,Prevalence,Trinidad and Tobago,Both,60+ years,Alzheimer's disease and other dementias,Percent,2023,0.035838700150213,0.0417441458133403,0.030210220730439
All Population,Prevalence,Lao People's Democratic Republic,Male,60+ years,Alzheimer's disease and other dementias,Number,2023,6158.360229804118,7169.6797472910985,5249.294388144772
All Population,Prevalence,Lao People's Democratic Republic,Female,60+ years,Alzheimer's disease and other dementias,Number,2023,8608.064526667753,9844.510088418325,7307.155291950717
All Population,Prevalence,Lao People's Democratic Republic,Both,60+ years,Alzheimer's disease and other dementias,Number,2023,14766.424756471864,17017.975600353828,12585.114824062091
All Population,Prevalence,Lao People's Democratic Republic,Male,60+ years,Alzheimer's disease and other dementias,Percent,2023,0.022094940549155,0.0257236846694117,0.0188309656223229
All Population,Prevalence,Lao People's Democratic Republic,Female,60+ years,Alzheimer's disease and other dementias,Percent,2023,0.0291808355638237,0.0333704876886583,0.0247699067139662
All Population,Prevalence,Lao People's Democratic Republic,Both,60+ years,Alzheimer's disease and other dementias,Percent,2023,0.0257383455719955,0.0296650672991933,0.0219347059639049
All Population,Prevalence,Belarus,Male,60+ years,Alzheimer's disease and other dementias,Number,2023,22113.880993725623,25379.168637605897,18584.966564870687
All Population,Prevalence,Belarus,Female,60+ years,Alzheimer's disease and other dementias,Number,2023,66936.09955177947,76813.10334794722,56106.54936520601
All Population,Prevalence,Belarus,Both,60+ years,Alzheimer's disease and other dementias,Number,2023,89049.98054550511,102207.12897777362,74551.24497706772
All Population,Prevalence,Belarus,Male,60+ years,Alzheimer's disease and other dementias,Percent,2023,0.0258857449362106,0.029707510814588,0.0217552826087896
All Population,Prevalence,Belarus,Female,60+ years,Alzheimer's disease and other dementias,Percent,2023,0.0458955659431596,0.0526684268519702,0.0384696165511992
All Population,Prevalence,Belarus,Both,60+ years,Alzheimer's disease and other dementias,Percent,2023,0.0385042413669987,0.0441935616370901,0.0322354624807052
All Population,Prevalence,Palestine,Male,60+ years,Alzheimer's disease and other dementias,Number,2023,4593.977930085671,5302.119727198282,3829.5490372715367
All Population,Prevalence,Palestine,Female,60+ years,Alzheimer's disease and other dementias,Number,2023,7386.750661502324,8529.945281655422,6264.916464547947
All Population,Prevalence,Palestine,Both,60+ years,Alzheimer's disease and other dementias,Number,2023,11980.728591588002,13822.327547315235,10092.409146987313
All Population,Prevalence,Palestine,Male,60+ years,Alzheimer's disease and other dementias,Percent,2023,0.0299358864848914,0.0345493929107514,0.0249560673745774
All Population,Prevalence,Palestine,Female,60+ years,Alzheimer's disease and other dementias,Percent,2023,0.0457323317127202,0.052809953016973,0.0387869374010607
All Population,Prevalence,Palestine,Both,60+ years,Alzheimer's disease and other dementias,Percent,2023,0.0380362372093798,0.0438820093721748,0.0320417077422856
All Population,Prevalence,Nepal,Male,60+ years,Alzheimer's disease and other dementias,Number,2023,35783.74470325187,41733.47605497336,30701.210549627584
All Population,Prevalence,Nepal,Female,60+ years,Alzheimer's disease and other dementias,Number,2023,45891.72528563481,53090.55771701656,38726.75359675578
All Population,Prevalence,Nepal,Both,60+ years,Alzheimer's disease and other dementias,Number,2023,81675.4699888867,94320.73459935568,69179.60189050606
All Population,Prevalence,Nepal,Male,60+ years,Alzheimer's disease and other dementias,Percent,2023,0.0230815831770683,0.0269208159435469,0.0198043694696701
All Population,Prevalence,Nepal,Female,60+ years,Alzheimer's disease and other dementias,Percent,2023,0.0280386818659749,0.0324378351449878,0.0236617565717256
All Population,Prevalence,Nepal,Both,60+ years,Alzheimer's disease and other dementias,Percent,2023,0.025627336162806,0.0295962511707934,0.021706389686805
All Population,Prevalence,Eritrea,Male,60+ years,Alzheimer's disease and other dementias,Number,2023,4257.478463483804,4935.79834027386,3620.634418203064
All Population,Prevalence,Eritrea,Female,60+ years,Alzheimer's disease and other dementias,Number,2023,9386.073722668936,10885.11765957584,7950.851297232163
All Population,Prevalence,Eritrea,Both,60+ years,Alzheimer's disease and other dementias,Number,2023,13643.55218615274,15790.772663539206,11621.03725413006
All Population,Prevalence,Eritrea,Male,60+ years,Alzheimer's disease and other dementias,Percent,2023,0.024843106400468,0.0288005254500847,0.0211261914820193
All Population,Prevalence,Eritrea,Female,60+ years,Alzheimer's disease and other dementias,Percent,2023,0.0418612461635857,0.0485489632952037,0.0354592437351876
All Population,Prevalence,Eritrea,Both,60+ years,Alzheimer's disease and other dementias,Percent,2023,0.0344888332365619,0.0399177939724346,0.0293756940271506
All Population,Prevalence,Uruguay,Male,60+ years,Alzheimer's disease and other dementias,Number,2023,12475.814303465148,14645.045103696371,10471.905210826286
All Population,Prevalence,Uruguay,Female,60+ years,Alzheimer's disease and other dementias,Number,2023,28687.885910324338,33640.319873474655,24315.827187048984
All Population,Prevalence,Uruguay,Both,60+ years,Alzheimer's disease and other dementias,Number,2023,41163.70021378951,47933.68741949242,35089.98508991827
All Population,Prevalence,Uruguay,Male,60+ years,Alzheimer's disease and other dementias,Percent,2023,0.0408118702076826,0.0479048604209171,0.0342564275209367
All Population,Prevalence,Uruguay,Female,60+ years,Alzheimer's disease and other dementias,Percent,2023,0.0675590200498416,0.0792203020379795,0.0572651555650121
All Population,Prevalence,Uruguay,Both,60+ years,Alzheimer's disease and other dementias,Percent,2023,0.0563635190704714,0.0656397333358407,0.0480472974595119
All Population,Prevalence,Thailand,Male,60+ years,Alzheimer's disease and other dementias,Number,2023,178381.08958299374,206536.5835701712,151465.7078534622
All Population,Prevalence,Thailand,Female,60+ years,Alzheimer's disease and other dementias,Number,2023,319633.435980819,368758.1011999812,267915.1536276461
All Population,Prevalence,Thailand,Both,60+ years,Alzheimer's disease and other dementias,Number,2023,498014.5255638129,574906.0279075598,418230.7753553576
All Population,Prevalence,Thailand,Male,60+ years,Alzheimer's disease and other dementias,Percent,2023,0.0255112432443979,0.0295378006815744,0.0216610385896555
All Population,Prevalence,Thailand,Female,60+ years,Alzheimer's disease and other dementias,Percent,2023,0.0375623344531147,0.0433352857724165,0.0314860796604044
All Population,Prevalence,Thailand,Both,60+ years,Alzheimer's disease and other dementias,Percent,2023,0.0321265140850648,0.0370884866384426,0.026981595254261
All Population,Prevalence,Romania,Male,60+ years,Alzheimer's disease and other dementias,Number,2023,66220.9499319858,77510.264133181,54391.44135793134
All Population,Prevalence,Romania,Female,60+ years,Alzheimer's disease and other dementias,Number,2023,144571.23026609718,167935.44647163362,120822.18360655996
All Population,Prevalence,Romania,Both,60+ years,Alzheimer's disease and other dementias,Number,2023,210792.1801980832,244339.2918979645,175305.07605203544
All Population,Prevalence,Romania,Male,60+ years,Alzheimer's disease and other dementias,Percent,2023,0.0323345555351783,0.0378455404542331,0.0265588413421303
All Population,Prevalence,Romania,Female,60+ years,Alzheimer's disease and other dementias,Percent,2023,0.0498845818266173,0.0579428452202307,0.0416940303487359
All Population,Prevalence,Romania,Both,60+ years,Alzheimer's disease and other dementias,Percent,2023,0.042617788981394,0.0493991919274994,0.0354465638005554
All Population,Prevalence,Croatia,Male,60+ years,Alzheimer's disease and other dementias,Number,2023,17008.24579416872,19933.177930113878,13925.828305805704
All Population,Prevalence,Croatia,Female,60+ years,Alzheimer's disease and other dementias,Number,2023,35212.354130601445,41156.316237530846,29556.93739803857
All Population,Prevalence,Croatia,Both,60+ years,Alzheimer's disease and other dementias,Number,2023,52220.59992477018,60685.13488969424,43427.43830951983
All Population,Prevalence,Croatia,Male,60+ years,Alzheimer's disease and other dementias,Percent,2023,0.0332415206097776,0.0389600339007206,0.0272192429849016
All Population,Prevalence,Croatia,Female,60+ years,Alzheimer's disease and other dementias,Percent,2023,0.0523323766180993,0.0611698319666776,0.0439316410566891
All Population,Prevalence,Croatia,Both,60+ years,Alzheimer's disease and other dementias,Percent,2023,0.0440860035665004,0.0512308336578899,0.0366651629464977
All Population,Prevalence,Mauritania,Male,60+ years,Alzheimer's disease and other dementias,Number,2023,2605.3490663334687,3012.6681724106256,2191.651974098701
All Population,Prevalence,Mauritania,Female,60+ years,Alzheimer's disease and other dementias,Number,2023,3930.444003221568,4505.46872831713,3302.319623333336
All Population,Prevalence,Mauritania,Both,60+ years,Alzheimer's disease and other dementias,Number,2023,6535.793069555037,7503.317111571769,5479.732483656222
All Population,Prevalence,Mauritania,Male,60+ years,Alzheimer's disease and other dementias,Percent,2023,0.0193860849590974,0.0224155311009798,0.0163072544159919
All Population,Prevalence,Mauritania,Female,60+ years,Alzheimer's disease and other dementias,Percent,2023,0.0288465715480857,0.0330661791200884,0.0242350976829447
All Population,Prevalence,Mauritania,Both,60+ years,Alzheimer's disease and other dementias,Percent,2023,0.0241488485090323,0.0277227169040209,0.0202464772763468
All Population,Prevalence,Bulgaria,Male,60+ years,Alzheimer's disease and other dementias,Number,2023,27628.371431739048,32248.54217324602,22599.25692059433
All Population,Prevalence,Bulgaria,Female,60+ years,Alzheimer's disease and other dementias,Number,2023,56624.77272288399,65763.92188018395,46722.66212975435
All Population,Prevalence,Bulgaria,Both,60+ years,Alzheimer's disease and other dementias,Number,2023,84253.14415462302,97931.84552661756,69729.14076168597
All Population,Prevalence,Bulgaria,Male,60+ years,Alzheimer's disease and other dementias,Percent,2023,0.0312650753349813,0.0364927199701622,0.0255750044278549
All Population,Prevalence,Bulgaria,Female,60+ years,Alzheimer's disease and other dementias,Percent,2023,0.0465197138904091,0.0540309499155055,0.0383881134875186
All Population,Prevalence,Bulgaria,Both,60+ years,Alzheimer's disease and other dementias,Percent,2023,0.0401033078708394,0.0466137964555568,0.0331928553802028
All Population,Prevalence,Burkina Faso,Male,60+ years,Alzheimer's disease and other dementias,Number,2023,11360.206371291524,13210.90456225044,9641.07295715119
All Population,Prevalence,Burkina Faso,Female,60+ years,Alzheimer's disease and other dementias,Number,2023,20262.34000598076,23422.155683136123,17216.652244657966
All Population,Prevalence,Burkina Faso,Both,60+ years,Alzheimer's disease and other dementias,Number,2023,31622.54637727228,36585.68335918886,27011.7186352706
All Population,Prevalence,Burkina Faso,Male,60+ years,Alzheimer's disease and other dementias,Percent,2023,0.0206410381990101,0.0240037433521039,0.0175165137889478
All Population,Prevalence,Burkina Faso,Female,60+ years,Alzheimer's disease and other dementias,Percent,2023,0.0328794476323329,0.0380066691673248,0.0279368930853612
All Population,Prevalence,Burkina Faso,Both,60+ years,Alzheimer's disease and other dementias,Percent,2023,0.0271058576477101,0.0313602199562145,0.0231549262283999
All Population,Prevalence,Puerto Rico,Male,60+ years,Alzheimer's disease and other dementias,Number,2023,21635.93772716046,25332.892229506087,18329.926995497408
All Population,Prevalence,Puerto Rico,Female,60+ years,Alzheimer's disease and other dementias,Number,2023,35322.9511148208,40985.35319656582,29680.73103995373
All Population,Prevalence,Puerto Rico,Both,60+ years,Alzheimer's disease and other dementias,Number,2023,56958.888841981214,66265.4349163943,47994.33131534172
All Population,Prevalence,Puerto Rico,Male,60+ years,Alzheimer's disease and other dementias,Percent,2023,0.0429598170986036,0.0502989274092099,0.0363950559343417
All Population,Prevalence,Puerto Rico,Female,60+ years,Alzheimer's disease and other dementias,Percent,2023,0.0583251907130461,0.0676734195351042,0.0490095734023086
All Population,Prevalence,Puerto Rico,Both,60+ years,Alzheimer's disease and other dementias,Percent,2023,0.0513488790527485,0.0597405252278545,0.043266003334812
All Population,Prevalence,Latvia,Male,60+ years,Alzheimer's disease and other dementias,Number,2023,6524.789243232199,7703.217788652386,5423.856404585256
All Population,Prevalence,Latvia,Female,60+ years,Alzheimer's disease and other dementias,Number,2023,19531.56061362921,22738.70982677089,16385.610784283028
All Population,Prevalence,Latvia,Both,60+ years,Alzheimer's disease and other dementias,Number,2023,26056.349856861398,30411.860057765432,21874.175583102235
All Population,Prevalence,Latvia,Male,60+ years,Alzheimer's disease and other dementias,Percent,2023,0.0334468447873353,0.0394905898939105,0.0278042863541521
All Population,Prevalence,Latvia,Female,60+ years,Alzheimer's disease and other dementias,Percent,2023,0.0572023662745967,0.0665956854273396,0.0479894225094302
All Population,Prevalence,Latvia,Both,60+ years,Alzheimer's disease and other dementias,Percent,2023,0.0485649258834683,0.0566802700690666,0.0407717467857306
All Population,Prevalence,Pakistan,Male,60+ years,Alzheimer's disease and other dementias,Number,2023,207094.4702421685,243243.8447376637,172201.80947018892
All Population,Prevalence,Pakistan,Female,60+ years,Alzheimer's disease and other dementias,Number,2023,204236.9534866438,238428.46021735555,170022.1103652516
All Population,Prevalence,Pakistan,Both,60+ years,Alzheimer's disease and other dementias,Number,2023,411331.42372881225,479888.488764149,342626.78631409386
All Population,Prevalence,Pakistan,Male,60+ years,Alzheimer's disease and other dementias,Percent,2023,0.0240124765722276,0.028201144825587,0.0199675645948023
All Population,Prevalence,Pakistan,Female,60+ years,Alzheimer's disease and other dementias,Percent,2023,0.0280336355856075,0.032725618772186,0.0233377566525954
All Population,Prevalence,Pakistan,Both,60+ years,Alzheimer's disease and other dementias,Percent,2023,0.0258538384543262,0.0301631446279623,0.0215362962992068
All Population,Prevalence,Lithuania,Male,60+ years,Alzheimer's disease and other dementias,Number,2023,9723.736998164855,11321.538329560684,8186.023194205977
All Population,Prevalence,Lithuania,Female,60+ years,Alzheimer's disease and other dementias,Number,2023,26683.664242827977,31384.3975131522,22247.368306069344
All Population,Prevalence,Lithuania,Both,60+ years,Alzheimer's disease and other dementias,Number,2023,36407.4012409928,42455.17902909424,30578.088874502813
All Population,Prevalence,Lithuania,Male,60+ years,Alzheimer's disease and other dementias,Percent,2023,0.0325702525307534,0.0379230449724487,0.0274198487763836
All Population,Prevalence,Lithuania,Female,60+ years,Alzheimer's disease and other dementias,Percent,2023,0.0541480512627721,0.0636879547046328,0.045147067391143
All Population,Prevalence,Lithuania,Both,60+ years,Alzheimer's disease and other dementias,Percent,2023,0.0460074298008374,0.0536492728631639,0.0386430920866107
All Population,Prevalence,Cook Islands,Male,60+ years,Alzheimer's disease and other dementias,Number,2023,31.475100136699293,36.35315041961659,25.622951237742225
All Population,Prevalence,Cook Islands,Female,60+ years,Alzheimer's disease and other dementias,Number,2023,53.205003967652914,62.27579221285239,43.61818584969679
All Population,Prevalence,Cook Islands,Both,60+ years,Alzheimer's disease and other dementias,Number,2023,84.68010410435225,98.74163736120602,69.23245289523507
All Population,Prevalence,Cook Islands,Male,60+ years,Alzheimer's disease and other dementias,Percent,2023,0.0249591784327234,0.0288272513222189,0.0203188129659986
All Population,Prevalence,Cook Islands,Female,60+ years,Alzheimer's disease and other dementias,Percent,2023,0.039637233891659,0.0463956825247291,0.0324948690384722
All Population,Prevalence,Cook Islands,Both,60+ years,Alzheimer's disease and other dementias,Percent,2023,0.0325272156436034,0.0379291907244616,0.0265940054345766
All Population,Prevalence,Kiribati,Male,60+ years,Alzheimer's disease and other dementias,Number,2023,73.54999025355173,84.75671076598002,62.13405229237299
All Population,Prevalence,Kiribati,Female,60+ years,Alzheimer's disease and other dementias,Number,2023,178.5454275506903,206.27228366443077,151.67232530587677
All Population,Prevalence,Kiribati,Both,60+ years,Alzheimer's disease and other dementias,Number,2023,252.095417804242,290.2396230127564,213.96518805774937
All Population,Prevalence,Kiribati,Male,60+ years,Alzheimer's disease and other dementias,Percent,2023,0.0210085838878634,0.0242102707358805,0.017747890973008
All Population,Prevalence,Kiribati,Female,60+ years,Alzheimer's disease and other dementias,Percent,2023,0.0343767575433242,0.0397151386366849,0.029201856494216
All Population,Prevalence,Kiribati,Both,60+ years,Alzheimer's disease and other dementias,Percent,2023,0.0289940382527106,0.0333812436821503,0.0246077987829259
All Population,Prevalence,Barbados,Male,60+ years,Alzheimer's disease and other dementias,Number,2023,1145.6141916171916,1339.3556006849744,959.6311660866268
All Population,Prevalence,Barbados,Female,60+ years,Alzheimer's disease and other dementias,Number,2023,1923.8167493336184,2241.6652792076125,1610.95496806731
All Population,Prevalence,Barbados,Both,60+ years,Alzheimer's disease and other dementias,Number,2023,3069.430940950809,3568.4134453315346,2576.8604900327928
All Population,Prevalence,Barbados,Male,60+ years,Alzheimer's disease and other dementias,Percent,2023,0.0350561274970069,0.0409828467719962,0.0293651436409045
All Population,Prevalence,Barbados,Female,60+ years,Alzheimer's disease and other dementias,Percent,2023,0.046803749632041,0.0545360726567202,0.0391915721227721
All Population,Prevalence,Barbados,Both,60+ years,Alzheimer's disease and other dementias,Percent,2023,0.0416006013224097,0.0483630390898526,0.0349247085436402
All Population,Prevalence,Saint Kitts and Nevis,Male,60+ years,Alzheimer's disease and other dementias,Number,2023,101.21988202745244,116.7964527101682,86.24024912851306
All Population,Prevalence,Saint Kitts and Nevis,Female,60+ years,Alzheimer's disease and other dementias,Number,2023,158.73531379299055,183.9303600812047,135.16719924766662
All Population,Prevalence,Saint Kitts and Nevis,Both,60+ years,Alzheimer's disease and other dementias,Number,2023,259.9551958204429,300.6217415460553,221.94954219992565
All Population,Prevalence,Saint Kitts and Nevis,Male,60+ years,Alzheimer's disease and other dementias,Percent,2023,0.0276350882164307,0.0318892552255385,0.0235454514622179
All Population,Prevalence,Saint Kitts and Nevis,Female,60+ years,Alzheimer's disease and other dementias,Percent,2023,0.0382479090386499,0.0443179272948305,0.0325676068117861
All Population,Prevalence,Saint Kitts and Nevis,Both,60+ years,Alzheimer's disease and other dementias,Percent,2023,0.0332725601912397,0.0384788301381014,0.0284080680252672
All Population,Prevalence,Jamaica,Male,60+ years,Alzheimer's disease and other dementias,Number,2023,8269.476721889934,9488.70737846706,7060.461674995991
All Population,Prevalence,Jamaica,Female,60+ years,Alzheimer's disease and other dementias,Number,2023,13353.654319430942,15328.01689352903,11331.071464199227
All Population,Prevalence,Jamaica,Both,60+ years,Alzheimer's disease and other dementias,Number,2023,21623.1310413209,24799.940887709003,18403.472404125994
All Population,Prevalence,Jamaica,Male,60+ years,Alzheimer's disease and other dementias,Percent,2023,0.0428961611493929,0.0492228078752228,0.036623775292208
All Population,Prevalence,Jamaica,Female,60+ years,Alzheimer's disease and other dementias,Percent,2023,0.0607183176788517,0.0696956911751619,0.0515209794179883
All Population,Prevalence,Jamaica,Both,60+ years,Alzheimer's disease and other dementias,Percent,2023,0.0523934364243559,0.0600887350991898,0.0445918693602705
All Population,Prevalence,Dominica,Male,60+ years,Alzheimer's disease and other dementias,Number,2023,228.5852220619365,267.5201911582301,192.7591218726216
All Population,Prevalence,Dominica,Female,60+ years,Alzheimer's disease and other dementias,Number,2023,361.0363524272158,421.64135390403055,305.6485852364124
All Population,Prevalence,Dominica,Both,60+ years,Alzheimer's disease and other dementias,Number,2023,589.621574489152,687.3673530202428,499.39929434019473
All Population,Prevalence,Dominica,Male,60+ years,Alzheimer's disease and other dementias,Percent,2023,0.0350171523712685,0.0409818015208319,0.0295282369382328
All Population,Prevalence,Dominica,Female,60+ years,Alzheimer's disease and other dementias,Percent,2023,0.0542398334956572,0.0633452178193729,0.0459185513381527
All Population,Prevalence,Dominica,Both,60+ years,Alzheimer's disease and other dementias,Percent,2023,0.0447221629678668,0.0521373178941047,0.0378786875799711
All Population,Prevalence,Lebanon,Male,60+ years,Alzheimer's disease and other dementias,Number,2023,16170.174969108508,18847.25197496854,13257.941398507875
All Population,Prevalence,Lebanon,Female,60+ years,Alzheimer's disease and other dementias,Number,2023,25222.713962041616,29131.215508233152,21300.406671984158
All Population,Prevalence,Lebanon,Both,60+ years,Alzheimer's disease and other dementias,Number,2023,41392.88893115012,47793.939297860765,34853.94206317324
All Population,Prevalence,Lebanon,Male,60+ years,Alzheimer's disease and other dementias,Percent,2023,0.0487018936497921,0.0567645762829975,0.0399306383605112
All Population,Prevalence,Lebanon,Female,60+ years,Alzheimer's disease and other dementias,Percent,2023,0.061370056296994,0.0708788111248659,0.0518258493245012
All Population,Prevalence,Lebanon,Both,60+ years,Alzheimer's disease and other dementias,Percent,2023,0.055709181933039,0.0643249732924346,0.046911548262359
All Population,Prevalence,Monaco,Male,60+ years,Alzheimer's disease and other dementias,Number,2023,273.9536371176697,322.0588095448527,224.2268253073927
All Population,Prevalence,Monaco,Female,60+ years,Alzheimer's disease and other dementias,Number,2023,455.85735461917926,528.1050433581775,371.455249811189
All Population,Prevalence,Monaco,Both,60+ years,Alzheimer's disease and other dementias,Number,2023,729.8109917368495,846.8666730368299,589.9827690247869
All Population,Prevalence,Monaco,Male,60+ years,Alzheimer's disease and other dementias,Percent,2023,0.0433596715863159,0.0509760063925214,0.0354908237169257
All Population,Prevalence,Monaco,Female,60+ years,Alzheimer's disease and other dementias,Percent,2023,0.0655896038969428,0.0759853789015159,0.0534544192328577
All Population,Prevalence,Monaco,Both,60+ years,Alzheimer's disease and other dementias,Percent,2023,0.0550040550540542,0.0638293518069828,0.0444676494909243
All Population,Prevalence,Côte d'Ivoire,Male,60+ years,Alzheimer's disease and other dementias,Number,2023,12295.3202821352,14224.297073230047,10564.865990988385
All Population,Prevalence,Côte d'Ivoire,Female,60+ years,Alzheimer's disease and other dementias,Number,2023,18035.04525375696,20722.25926924939,15320.580308241735
All Population,Prevalence,Côte d'Ivoire,Both,60+ years,Alzheimer's disease and other dementias,Number,2023,30330.365535892164,34895.75471606051,26081.98246414349
All Population,Prevalence,Côte d'Ivoire,Male,60+ years,Alzheimer's disease and other dementias,Percent,2023,0.0173409267954439,0.0200603801000995,0.0149002015500459
All Population,Prevalence,Côte d'Ivoire,Female,60+ years,Alzheimer's disease and other dementias,Percent,2023,0.0272761903702875,0.0313407720903387,0.0231709138751708
All Population,Prevalence,Côte d'Ivoire,Both,60+ years,Alzheimer's disease and other dementias,Percent,2023,0.0221351435579403,0.0254672339937924,0.0190348288054513
All Population,Prevalence,Yemen,Male,60+ years,Alzheimer's disease and other dementias,Number,2023,25164.851668396303,28902.143173829216,21077.877411936533
All Population,Prevalence,Yemen,Female,60+ years,Alzheimer's disease and other dementias,Number,2023,36453.17156723837,42023.69070311507,30979.099820341897
All Population,Prevalence,Yemen,Both,60+ years,Alzheimer's disease and other dementias,Number,2023,61618.02323563468,70825.2707108931,52272.73768491541
All Population,Prevalence,Yemen,Male,60+ years,Alzheimer's disease and other dementias,Percent,2023,0.0307686948964315,0.0353384745375638,0.0257702062325069
All Population,Prevalence,Yemen,Female,60+ years,Alzheimer's disease and other dementias,Percent,2023,0.0411895958934122,0.0474853308425869,0.0350037044863883
All Population,Prevalence,Yemen,Both,60+ years,Alzheimer's disease and other dementias,Percent,2023,0.0361845715969053,0.0415918115229407,0.0306971073129255
All Population,Prevalence,Sweden,Male,60+ years,Alzheimer's disease and other dementias,Number,2023,56981.10076067215,66175.43975207554,47082.49448777895
All Population,Prevalence,Sweden,Female,60+ years,Alzheimer's disease and other dementias,Number,2023,92123.66748211198,106510.44666324437,77248.42869590636
All Population,Prevalence,Sweden,Both,60+ years,Alzheimer's disease and other dementias,Number,2023,149104.76824278408,172624.04960543194,124153.92898007216
All Population,Prevalence,Sweden,Male,60+ years,Alzheimer's disease and other dementias,Percent,2023,0.0433484082732356,0.0503441951357205,0.0358199917953064
All Population,Prevalence,Sweden,Female,60+ years,Alzheimer's disease and other dementias,Percent,2023,0.063714994896902,0.0736782997084808,0.0534287631671171
All Population,Prevalence,Sweden,Both,60+ years,Alzheimer's disease and other dementias,Percent,2023,0.0540163805784289,0.0625370840237751,0.0449749452301811
All Population,Prevalence,Switzerland,Male,60+ years,Alzheimer's disease and other dementias,Number,2023,47143.58062984785,55102.81575134165,38861.69824838376
All Population,Prevalence,Switzerland,Female,60+ years,Alzheimer's disease and other dementias,Number,2023,89202.59176287666,103041.09424068611,73878.76921942344
All Population,Prevalence,Switzerland,Both,60+ years,Alzheimer's disease and other dementias,Number,2023,136346.17239272458,158298.88909513742,112973.51352683926
All Population,Prevalence,Switzerland,Male,60+ years,Alzheimer's disease and other dementias,Percent,2023,0.0438232669735707,0.051225523377763,0.0361265512105958
All Population,Prevalence,Switzerland,Female,60+ years,Alzheimer's disease and other dementias,Percent,2023,0.0716845196300602,0.082800460994469,0.05938479309182
All Population,Prevalence,Switzerland,Both,60+ years,Alzheimer's disease and other dementias,Percent,2023,0.0587662733833818,0.0682297683474605,0.0486958653835205
All Population,Prevalence,Iceland,Male,60+ years,Alzheimer's disease and other dementias,Number,2023,1795.002380529265,2089.561636354617,1466.174883467321
All Population,Prevalence,Iceland,Female,60+ years,Alzheimer's disease and other dementias,Number,2023,2377.5970901526703,2724.4995172792605,1970.9387733451867
All Population,Prevalence,Iceland,Both,60+ years,Alzheimer's disease and other dementias,Number,2023,4172.599470681933,4784.977817465606,3443.719220284045
All Population,Prevalence,Iceland,Male,60+ years,Alzheimer's disease and other dementias,Percent,2023,0.0461843504195161,0.0537581745296564,0.0377204679781908
All Population,Prevalence,Iceland,Female,60+ years,Alzheimer's disease and other dementias,Percent,2023,0.058495717126112,0.067039648637271,0.0484989133465606
All Population,Prevalence,Iceland,Both,60+ years,Alzheimer's disease and other dementias,Percent,2023,0.0524778127909958,0.0601815051528506,0.0433249122951828
All Population,Prevalence,United States Virgin Islands,Male,60+ years,Alzheimer's disease and other dementias,Number,2023,465.110585731708,549.6929281602418,389.00178830607217
All Population,Prevalence,United States Virgin Islands,Female,60+ years,Alzheimer's disease and other dementias,Number,2023,763.4516569815014,892.8980938378397,643.9940479477696
All Population,Prevalence,United States Virgin Islands,Both,60+ years,Alzheimer's disease and other dementias,Number,2023,1228.5622427132091,1436.420823421281,1035.7622602894885
All Population,Prevalence,United States Virgin Islands,Male,60+ years,Alzheimer's disease and other dementias,Percent,2023,0.0385985758020829,0.0456189034372513,0.0322820445776147
All Population,Prevalence,United States Virgin Islands,Female,60+ years,Alzheimer's disease and other dementias,Percent,2023,0.0537751816085235,0.0628939218374343,0.0453600028855943
All Population,Prevalence,United States Virgin Islands,Both,60+ years,Alzheimer's disease and other dementias,Percent,2023,0.0468076464449026,0.0547256058778758,0.0394605946683613
All Population,Prevalence,Niger,Male,60+ years,Alzheimer's disease and other dementias,Number,2023,8213.887411587768,9549.864599588189,7077.714431061142
All Population,Prevalence,Niger,Female,60+ years,Alzheimer's disease and other dementias,Number,2023,12199.29173660212,14062.58529726487,10358.609739803933
All Population,Prevalence,Niger,Both,60+ years,Alzheimer's disease and other dementias,Number,2023,20413.179148189884,23580.61817807736,17503.774542841205
All Population,Prevalence,Niger,Male,60+ years,Alzheimer's disease and other dementias,Percent,2023,0.0162027613616119,0.0188378263152525,0.0139615447558778
All Population,Prevalence,Niger,Female,60+ years,Alzheimer's disease and other dementias,Percent,2023,0.0271066961092387,0.0312465571447834,0.0230168127593204
All Population,Prevalence,Niger,Both,60+ years,Alzheimer's disease and other dementias,Percent,2023,0.0213305909961697,0.0246408608236308,0.0182899269358719
All Population,Prevalence,United Republic of Tanzania,Male,60+ years,Alzheimer's disease and other dementias,Number,2023,40497.72666849904,46147.26896132232,34678.06826954847
All Population,Prevalence,United Republic of Tanzania,Female,60+ years,Alzheimer's disease and other dementias,Number,2023,80572.63840076892,91219.57611447996,70400.91470725059
All Population,Prevalence,United Republic of Tanzania,Both,60+ years,Alzheimer's disease and other dementias,Number,2023,121070.36506926792,136672.97069867625,105109.63951476946
All Population,Prevalence,United Republic of Tanzania,Male,60+ years,Alzheimer's disease and other dementias,Percent,2023,0.0253593871951173,0.0288984456050963,0.0217117552920976
All Population,Prevalence,United Republic of Tanzania,Female,60+ years,Alzheimer's disease and other dementias,Percent,2023,0.0447576611724133,0.050671223527218,0.0391083163743025
All Population,Prevalence,United Republic of Tanzania,Both,60+ years,Alzheimer's disease and other dementias,Percent,2023,0.0356388049177766,0.0402291254576205,0.0309412070641886
All Population,Prevalence,Guatemala,Male,60+ years,Alzheimer's disease and other dementias,Number,2023,23910.706123212138,27873.660613269512,19975.79850421572
All Population,Prevalence,Guatemala,Female,60+ years,Alzheimer's disease and other dementias,Number,2023,33324.75039856388,38827.45522092367,28131.592949224167
All Population,Prevalence,Guatemala,Both,60+ years,Alzheimer's disease and other dementias,Number,2023,57235.45652177602,66173.22778369165,47957.72200620446
All Population,Prevalence,Guatemala,Male,60+ years,Alzheimer's disease and other dementias,Percent,2023,0.0369337257957774,0.0430549827795307,0.0308553763750875
All Population,Prevalence,Guatemala,Female,60+ years,Alzheimer's disease and other dementias,Percent,2023,0.0441845947497338,0.0514804774068202,0.0372988813329881
All Population,Prevalence,Guatemala,Both,60+ years,Alzheimer's disease and other dementias,Percent,2023,0.0408354669822556,0.0472114907557936,0.0342158700115878
All Population,Prevalence,Bahrain,Male,60+ years,Alzheimer's disease and other dementias,Number,2023,1510.810666225122,1761.8279152554032,1259.5974548735496
All Population,Prevalence,Bahrain,Female,60+ years,Alzheimer's disease and other dementias,Number,2023,1692.664472203888,1967.4360780080185,1422.4925683553506
All Population,Prevalence,Bahrain,Both,60+ years,Alzheimer's disease and other dementias,Number,2023,3203.475138429008,3727.2746919529854,2681.880520680505
All Population,Prevalence,Bahrain,Male,60+ years,Alzheimer's disease and other dementias,Percent,2023,0.0216004537248516,0.0251883646782522,0.0180095456564791
All Population,Prevalence,Bahrain,Female,60+ years,Alzheimer's disease and other dementias,Percent,2023,0.0347976404805281,0.0404460960304679,0.0292434733390633
All Population,Prevalence,Bahrain,Both,60+ years,Alzheimer's disease and other dementias,Percent,2023,0.0270138158655384,0.0314302890426781,0.0226158616532901
All Population,Prevalence,Kazakhstan,Male,60+ years,Alzheimer's disease and other dementias,Number,2023,24700.564903267245,28408.736737667088,20974.905155409717
All Population,Prevalence,Kazakhstan,Female,60+ years,Alzheimer's disease and other dementias,Number,2023,59658.03133832735,68703.09099086921,50793.71333831835
All Population,Prevalence,Kazakhstan,Both,60+ years,Alzheimer's disease and other dementias,Number,2023,84358.5962415946,98320.24395161428,71334.51598052825
All Population,Prevalence,Kazakhstan,Male,60+ years,Alzheimer's disease and other dementias,Percent,2023,0.0228668696369081,0.0263022472230071,0.019417648964251
All Population,Prevalence,Kazakhstan,Female,60+ years,Alzheimer's disease and other dementias,Percent,2023,0.0363275289027534,0.0418356759431879,0.0309289225768578
All Population,Prevalence,Kazakhstan,Both,60+ years,Alzheimer's disease and other dementias,Percent,2023,0.0309866605515736,0.0361159811303173,0.0262020135044759
All Population,Prevalence,Czechia,Male,60+ years,Alzheimer's disease and other dementias,Number,2023,41481.55334382647,48800.81683842755,33972.26283535278
All Population,Prevalence,Czechia,Female,60+ years,Alzheimer's disease and other dementias,Number,2023,83285.60579314671,97371.03198953852,69286.60010944313
All Population,Prevalence,Czechia,Both,60+ years,Alzheimer's disease and other dementias,Number,2023,124767.1591369732,145783.49227001803,103847.96709460508
All Population,Prevalence,Czechia,Male,60+ years,Alzheimer's disease and other dementias,Percent,2023,0.0335382576586732,0.0394565553895931,0.0274674099488681
All Population,Prevalence,Czechia,Female,60+ years,Alzheimer's disease and other dementias,Percent,2023,0.0522806817015863,0.061125432377842,0.0434932354764889
All Population,Prevalence,Czechia,Both,60+ years,Alzheimer's disease and other dementias,Percent,2023,0.0440890449194149,0.0515155968471637,0.0366965157056782
All Population,Prevalence,Saudi Arabia,Male,60+ years,Alzheimer's disease and other dementias,Number,2023,20811.388555266585,24092.07862420739,16943.276109585935
All Population,Prevalence,Saudi Arabia,Female,60+ years,Alzheimer's disease and other dementias,Number,2023,22421.819677896798,26037.80209758077,19004.278109808794
All Population,Prevalence,Saudi Arabia,Both,60+ years,Alzheimer's disease and other dementias,Number,2023,43233.20823316337,49731.39230651288,36145.66437946409
All Population,Prevalence,Saudi Arabia,Male,60+ years,Alzheimer's disease and other dementias,Percent,2023,0.0235736431794329,0.0272897228002912,0.0191927758776099
All Population,Prevalence,Saudi Arabia,Female,60+ years,Alzheimer's disease and other dementias,Percent,2023,0.0354179636598046,0.0411295897700329,0.0300197021535548
All Population,Prevalence,Saudi Arabia,Both,60+ years,Alzheimer's disease and other dementias,Percent,2023,0.0285200560486507,0.0328066499139026,0.0238444900969748
All Population,Prevalence,Tokelau,Male,60+ years,Alzheimer's disease and other dementias,Number,2023,3.5840666427450945,4.123962715929988,2.9696880241401264
All Population,Prevalence,Tokelau,Female,60+ years,Alzheimer's disease and other dementias,Number,2023,5.154757768981997,5.9854520279105525,4.2597397654382725
All Population,Prevalence,Tokelau,Both,60+ years,Alzheimer's disease and other dementias,Number,2023,8.738824411727098,10.085010708907816,7.269997853679255
All Population,Prevalence,Tokelau,Male,60+ years,Alzheimer's disease and other dementias,Percent,2023,0.0323037942156637,0.0371721155712733,0.0267659434123162
All Population,Prevalence,Tokelau,Female,60+ years,Alzheimer's disease and other dementias,Percent,2023,0.0406544188881306,0.0472050640799415,0.0335965341735374
All Population,Prevalence,Tokelau,Both,60+ years,Alzheimer's disease and other dementias,Percent,2023,0.0367573942549047,0.0424211371603188,0.0305782629619948
All Population,Prevalence,Lesotho,Male,60+ years,Alzheimer's disease and other dementias,Number,2023,1376.3434374040846,1603.4381747236953,1159.520717462504
All Population,Prevalence,Lesotho,Female,60+ years,Alzheimer's disease and other dementias,Number,2023,4308.499381881138,5019.1959735236005,3682.643137788278
All Population,Prevalence,Lesotho,Both,60+ years,Alzheimer's disease and other dementias,Number,2023,5684.842819285223,6565.552495708433,4841.7471937496
All Population,Prevalence,Lesotho,Male,60+ years,Alzheimer's disease and other dementias,Percent,2023,0.0232298438262765,0.0270637337814658,0.0195698528705595
All Population,Prevalence,Lesotho,Female,60+ years,Alzheimer's disease and other dementias,Percent,2023,0.0438154634090963,0.05104285503574,0.0374506442420498
All Population,Prevalence,Lesotho,Both,60+ years,Alzheimer's disease and other dementias,Percent,2023,0.0360755088543427,0.0416661835480692,0.0307250467488719
All Population,Prevalence,Hungary,Male,60+ years,Alzheimer's disease and other dementias,Number,2023,33412.07228846154,38733.28348190304,27932.3676065173
All Population,Prevalence,Hungary,Female,60+ years,Alzheimer's disease and other dementias,Number,2023,79219.6462761039,90680.802918427,66611.69482297209
All Population,Prevalence,Hungary,Both,60+ years,Alzheimer's disease and other dementias,Number,2023,112631.7185645654,128647.2391623789,94849.5273372644
All Population,Prevalence,Hungary,Male,60+ years,Alzheimer's disease and other dementias,Percent,2023,0.0326890998412134,0.0378936426452199,0.0273290915710384
All Population,Prevalence,Hungary,Female,60+ years,Alzheimer's disease and other dementias,Percent,2023,0.0517063642918332,0.0591821925277339,0.0434772473951465
All Population,Prevalence,Hungary,Both,60+ years,Alzheimer's disease and other dementias,Percent,2023,0.0440962754723998,0.0503691109725972,0.0371357891539057
All Population,Prevalence,San Marino,Male,60+ years,Alzheimer's disease and other dementias,Number,2023,213.96751168996084,246.74676320312687,177.01868873634476
All Population,Prevalence,San Marino,Female,60+ years,Alzheimer's disease and other dementias,Number,2023,312.2623944553582,363.8371518761142,255.0057229292884
All Population,Prevalence,San Marino,Both,60+ years,Alzheimer's disease and other dementias,Number,2023,526.2299061453186,607.4412534413245,437.502902368016
All Population,Prevalence,San Marino,Male,60+ years,Alzheimer's disease and other dementias,Percent,2023,0.0439108451002972,0.0506362915965403,0.0363307405666059
All Population,Prevalence,San Marino,Female,60+ years,Alzheimer's disease and other dementias,Percent,2023,0.0579018168210763,0.0674569354018932,0.0472887079321791
All Population,Prevalence,San Marino,Both,60+ years,Alzheimer's disease and other dementias,Percent,2023,0.0512608102802232,0.0591677686895727,0.0426177367268081
All Population,Prevalence,Qatar,Male,60+ years,Alzheimer's disease and other dementias,Number,2023,1118.6908289281316,1312.4043867341832,946.5303231163772
All Population,Prevalence,Qatar,Female,60+ years,Alzheimer's disease and other dementias,Number,2023,1114.0088852111264,1288.7056093359054,944.4796402862652
All Population,Prevalence,Qatar,Both,60+ years,Alzheimer's disease and other dementias,Number,2023,2232.699714139258,2599.472173994139,1884.5882542653108
All Population,Prevalence,Qatar,Male,60+ years,Alzheimer's disease and other dementias,Percent,2023,0.0203169152248652,0.0238347703479441,0.0171892973568884
All Population,Prevalence,Qatar,Female,60+ years,Alzheimer's disease and other dementias,Percent,2023,0.033393331008918,0.0386315352128643,0.0283109666805626
All Population,Prevalence,Qatar,Both,60+ years,Alzheimer's disease and other dementias,Percent,2023,0.0252504249552034,0.0293985823837535,0.0213135576301097
All Population,Prevalence,Nigeria,Male,60+ years,Alzheimer's disease and other dementias,Number,2023,84137.83312178991,97965.13643781791,71440.09127996617
All Population,Prevalence,Nigeria,Female,60+ years,Alzheimer's disease and other dementias,Number,2023,142757.7392995559,166148.0542840514,121571.5889661958
All Population,Prevalence,Nigeria,Both,60+ years,Alzheimer's disease and other dementias,Number,2023,226895.57242134592,264436.5460385983,193633.5725579809
All Population,Prevalence,Nigeria,Male,60+ years,Alzheimer's disease and other dementias,Percent,2023,0.0178482456286953,0.0207821342830998,0.0151548651710947
All Population,Prevalence,Nigeria,Female,60+ years,Alzheimer's disease and other dementias,Percent,2023,0.0238210379549614,0.0277243397236975,0.0202859973224717
All Population,Prevalence,Nigeria,Both,60+ years,Alzheimer's disease and other dementias,Percent,2023,0.0211913414907646,0.0246969421124004,0.0180847660387779
All Population,Prevalence,Bermuda,Male,60+ years,Alzheimer's disease and other dementias,Number,2023,323.2554449011881,383.0849481587308,269.94428344905384
All Population,Prevalence,Bermuda,Female,60+ years,Alzheimer's disease and other dementias,Number,2023,562.5465492429767,654.244920905054,473.8125228314057
All Population,Prevalence,Bermuda,Both,60+ years,Alzheimer's disease and other dementias,Number,2023,885.8019941441644,1030.998649316518,743.8401386428728
All Population,Prevalence,Bermuda,Male,60+ years,Alzheimer's disease and other dementias,Percent,2023,0.0383775900510302,0.0454822216563556,0.0320476667330455
All Population,Prevalence,Bermuda,Female,60+ years,Alzheimer's disease and other dementias,Percent,2023,0.0535029475507903,0.0622267592136406,0.0450627138459908
All Population,Prevalence,Bermuda,Both,60+ years,Alzheimer's disease and other dementias,Percent,2023,0.0467754293754509,0.0544469060703855,0.0392780615073914
All Population,Prevalence,South Africa,Male,60+ years,Alzheimer's disease and other dementias,Number,2023,57146.43136013596,66736.37862997985,47857.44117409599
All Population,Prevalence,South Africa,Female,60+ years,Alzheimer's disease and other dementias,Number,2023,156167.8578309057,181536.9220118613,132383.51936321126
All Population,Prevalence,South Africa,Both,60+ years,Alzheimer's disease and other dementias,Number,2023,213314.2891910416,248308.0352406986,180591.30018954232
All Population,Prevalence,South Africa,Male,60+ years,Alzheimer's disease and other dementias,Percent,2023,0.0219868062457867,0.0256764168541578,0.0184135737495522
All Population,Prevalence,South Africa,Female,60+ years,Alzheimer's disease and other dementias,Percent,2023,0.0407519358747695,0.0473724152395826,0.0345456804731222
All Population,Prevalence,South Africa,Both,60+ years,Alzheimer's disease and other dementias,Percent,2023,0.033168238412789,0.0386100802263291,0.0280807410462022
All Population,Prevalence,Canada,Male,60+ years,Alzheimer's disease and other dementias,Number,2023,241118.3596106566,279335.805038336,201334.14273030165
All Population,Prevalence,Canada,Female,60+ years,Alzheimer's disease and other dementias,Number,2023,400078.5860748327,454286.7051624904,341920.81454609515
All Population,Prevalence,Canada,Both,60+ years,Alzheimer's disease and other dementias,Number,2023,641196.9456854888,730174.3301631096,540777.8849225482
All Population,Prevalence,Canada,Male,60+ years,Alzheimer's disease and other dementias,Percent,2023,0.0504445124314037,0.0584426058505783,0.0421220891879253
All Population,Prevalence,Canada,Female,60+ years,Alzheimer's disease and other dementias,Percent,2023,0.0736668692638307,0.0836502136280125,0.0629618555569473
All Population,Prevalence,Canada,Both,60+ years,Alzheimer's disease and other dementias,Percent,2023,0.0627960229893878,0.0715039637675857,0.0529624466863406
All Population,Prevalence,Burundi,Male,60+ years,Alzheimer's disease and other dementias,Number,2023,6082.28190540483,7041.21377791947,5158.808684566695
All Population,Prevalence,Burundi,Female,60+ years,Alzheimer's disease and other dementias,Number,2023,10443.125418292964,12054.526897824946,9053.412189471192
All Population,Prevalence,Burundi,Both,60+ years,Alzheimer's disease and other dementias,Number,2023,16525.40732369777,18887.89953294465,14157.565624631465
All Population,Prevalence,Burundi,Male,60+ years,Alzheimer's disease and other dementias,Percent,2023,0.0207551178592289,0.0240272812037332,0.0176061202588355
All Population,Prevalence,Burundi,Female,60+ years,Alzheimer's disease and other dementias,Percent,2023,0.0384349569876056,0.0443661329642711,0.0333178227190041
All Population,Prevalence,Burundi,Both,60+ years,Alzheimer's disease and other dementias,Percent,2023,0.0292610018445759,0.0334472338904947,0.0250657339578177
All Population,Prevalence,Slovakia,Male,60+ years,Alzheimer's disease and other dementias,Number,2023,15758.125560818751,18353.102273342287,13095.01416129456
All Population,Prevalence,Slovakia,Female,60+ years,Alzheimer's disease and other dementias,Number,2023,35108.41206462868,40839.96283119624,29350.591725004266
All Population,Prevalence,Slovakia,Both,60+ years,Alzheimer's disease and other dementias,Number,2023,50866.53762544742,58687.06798253879,42451.30887484871
All Population,Prevalence,Slovakia,Male,60+ years,Alzheimer's disease and other dementias,Percent,2023,0.0282249862042372,0.0328745765808609,0.0234559371439428
All Population,Prevalence,Slovakia,Female,60+ years,Alzheimer's disease and other dementias,Percent,2023,0.0460856190324793,0.053610098778203,0.0385297269883856
All Population,Prevalence,Slovakia,Both,60+ years,Alzheimer's disease and other dementias,Percent,2023,0.0385319703313155,0.0444573329918737,0.0321602878676678
All Population,Prevalence,Micronesia (Federated States of),Male,60+ years,Alzheimer's disease and other dementias,Number,2023,76.09137878259493,89.37666236882423,63.65529800205408
All Population,Prevalence,Micronesia (Federated States of),Female,60+ years,Alzheimer's disease and other dementias,Number,2023,144.6184315047457,166.9945640608146,122.3535435073889
All Population,Prevalence,Micronesia (Federated States of),Both,60+ years,Alzheimer's disease and other dementias,Number,2023,220.70981028734064,254.2673425755848,188.5953264563142
All Population,Prevalence,Micronesia (Federated States of),Male,60+ years,Alzheimer's disease and other dementias,Percent,2023,0.0173306182713893,0.0203564403729815,0.0144983288956171
All Population,Prevalence,Micronesia (Federated States of),Female,60+ years,Alzheimer's disease and other dementias,Percent,2023,0.0290264419724747,0.0335176352699717,0.0245578549477092
All Population,Prevalence,Micronesia (Federated States of),Both,60+ years,Alzheimer's disease and other dementias,Percent,2023,0.0235477186689196,0.0271282582428305,0.0201212598165692
All Population,Prevalence,Saint Vincent and the Grenadines,Male,60+ years,Alzheimer's disease and other dementias,Number,2023,411.05874360292256,475.8709967950359,350.59966049176217
All Population,Prevalence,Saint Vincent and the Grenadines,Female,60+ years,Alzheimer's disease and other dementias,Number,2023,514.4491234302889,603.7545335984713,433.66086412296136
All Population,Prevalence,Saint Vincent and the Grenadines,Both,60+ years,Alzheimer's disease and other dementias,Number,2023,925.5078670332106,1077.6232522629482,780.6784407638982
All Population,Prevalence,Saint Vincent and the Grenadines,Male,60+ years,Alzheimer's disease and other dementias,Percent,2023,0.0381643780941539,0.0441824711792961,0.0325505395792883
All Population,Prevalence,Saint Vincent and the Grenadines,Female,60+ years,Alzheimer's disease and other dementias,Percent,2023,0.0503326613546603,0.0590706428902135,0.0424270333431609
All Population,Prevalence,Saint Vincent and the Grenadines,Both,60+ years,Alzheimer's disease and other dementias,Percent,2023,0.0440891788975273,0.0513351562588914,0.0371896745759432
All Population,Prevalence,Guam,Male,60+ years,Alzheimer's disease and other dementias,Number,2023,340.72450557657754,397.580251202583,289.8234175861484
All Population,Prevalence,Guam,Female,60+ years,Alzheimer's disease and other dementias,Number,2023,552.9739111599266,641.7873875757425,461.1267709427036
All Population,Prevalence,Guam,Both,60+ years,Alzheimer's disease and other dementias,Number,2023,893.698416736504,1034.6344572772118,754.2215467561085
All Population,Prevalence,Guam,Male,60+ years,Alzheimer's disease and other dementias,Percent,2023,0.0249410192320524,0.0291030407236896,0.0212162318324324
All Population,Prevalence,Guam,Female,60+ years,Alzheimer's disease and other dementias,Percent,2023,0.0367032109289407,0.0425987049473083,0.030608731222454
All Population,Prevalence,Guam,Both,60+ years,Alzheimer's disease and other dementias,Percent,2023,0.0311097228863993,0.0360151999717545,0.0262551080202189
All Population,Prevalence,Syrian Arab Republic,Male,60+ years,Alzheimer's disease and other dementias,Number,2023,28365.73051482261,32932.36426997297,23316.930267462983
All Population,Prevalence,Syrian Arab Republic,Female,60+ years,Alzheimer's disease and other dementias,Number,2023,37393.643988819866,43342.45745738229,31184.85648792444
All Population,Prevalence,Syrian Arab Republic,Both,60+ years,Alzheimer's disease and other dementias,Number,2023,65759.37450364244,76593.88000695128,55248.274990593854
All Population,Prevalence,Syrian Arab Republic,Male,60+ years,Alzheimer's disease and other dementias,Percent,2023,0.0305546466906185,0.0354726240163214,0.0251168015525334
All Population,Prevalence,Syrian Arab Republic,Female,60+ years,Alzheimer's disease and other dementias,Percent,2023,0.0411180243581907,0.0476584994373703,0.0342914382339845
All Population,Prevalence,Syrian Arab Republic,Both,60+ years,Alzheimer's disease and other dementias,Percent,2023,0.0357819079467344,0.0416773600565384,0.0300625804565067
All Population,Prevalence,Tuvalu,Male,60+ years,Alzheimer's disease and other dementias,Number,2023,9.23171649637466,10.762527411441956,7.79158619477696
All Population,Prevalence,Tuvalu,Female,60+ years,Alzheimer's disease and other dementias,Number,2023,19.00674993169843,22.292363873422207,15.62069076547983
All Population,Prevalence,Tuvalu,Both,60+ years,Alzheimer's disease and other dementias,Number,2023,28.238466428073096,33.112131773653736,23.509401795123967
All Population,Prevalence,Tuvalu,Male,60+ years,Alzheimer's disease and other dementias,Percent,2023,0.0174005657300577,0.0202855413907549,0.0146858018946841
All Population,Prevalence,Tuvalu,Female,60+ years,Alzheimer's disease and other dementias,Percent,2023,0.0283279009508069,0.0332257842001222,0.023281432867768
All Population,Prevalence,Tuvalu,Both,60+ years,Alzheimer's disease and other dementias,Percent,2023,0.0235027492593187,0.0275595726516567,0.0195674524956386
All Population,Prevalence,Grenada,Male,60+ years,Alzheimer's disease and other dementias,Number,2023,353.6763094845149,412.9683233942688,297.2955997505281
All Population,Prevalence,Grenada,Female,60+ years,Alzheimer's disease and other dementias,Number,2023,532.218368326836,623.247408125474,445.9320921567488
All Population,Prevalence,Grenada,Both,60+ years,Alzheimer's disease and other dementias,Number,2023,885.89467781135,1033.0276636756842,742.3699563640434
All Population,Prevalence,Grenada,Male,60+ years,Alzheimer's disease and other dementias,Percent,2023,0.0341579977323567,0.0398847161749381,0.0287131394922607
All Population,Prevalence,Grenada,Female,60+ years,Alzheimer's disease and other dementias,Percent,2023,0.049358304030206,0.0577983458448665,0.0413555898675734
All Population,Prevalence,Grenada,Both,60+ years,Alzheimer's disease and other dementias,Percent,2023,0.0419122698429216,0.0488731109940879,0.0351223480682688
All Population,Prevalence,Tunisia,Male,60+ years,Alzheimer's disease and other dementias,Number,2023,28425.759307255365,32658.23829352813,23497.65339622349
All Population,Prevalence,Tunisia,Female,60+ years,Alzheimer's disease and other dementias,Number,2023,43628.959949976605,50030.58279707263,37153.06112024692
All Population,Prevalence,Tunisia,Both,60+ years,Alzheimer's disease and other dementias,Number,2023,72054.71925723198,82450.46276151457,61311.04801298527
All Population,Prevalence,Tunisia,Male,60+ years,Alzheimer's disease and other dementias,Percent,2023,0.0327564806320688,0.0376333285412416,0.0270798757397972
All Population,Prevalence,Tunisia,Female,60+ years,Alzheimer's disease and other dementias,Percent,2023,0.0473479948657263,0.0542959631074562,0.0403209126839769
All Population,Prevalence,Tunisia,Both,60+ years,Alzheimer's disease and other dementias,Percent,2023,0.0402710534633656,0.0460794657873226,0.03426651190772
All Population,Prevalence,South Sudan,Male,60+ years,Alzheimer's disease and other dementias,Number,2023,5279.7188571025545,6076.730812135664,4481.884221187245
All Population,Prevalence,South Sudan,Female,60+ years,Alzheimer's disease and other dementias,Number,2023,7393.971731792021,8541.48736634876,6280.861575179794
All Population,Prevalence,South Sudan,Both,60+ years,Alzheimer's disease and other dementias,Number,2023,12673.69058889457,14586.143936418992,10802.638928399969
All Population,Prevalence,South Sudan,Male,60+ years,Alzheimer's disease and other dementias,Percent,2023,0.0219347905056934,0.0252458261188323,0.0186196309727563
All Population,Prevalence,South Sudan,Female,60+ years,Alzheimer's disease and other dementias,Percent,2023,0.0349076698224613,0.0403252640954229,0.0296513338976211
All Population,Prevalence,South Sudan,Both,60+ years,Alzheimer's disease and other dementias,Percent,2023,0.0280071796376929,0.032232903805829,0.0238717671371197
All Population,Prevalence,Mexico,Male,60+ years,Alzheimer's disease and other dementias,Number,2023,266683.4996869954,310417.7220398896,224221.15856080444
All Population,Prevalence,Mexico,Female,60+ years,Alzheimer's disease and other dementias,Number,2023,408689.0080600538,477370.4047591593,344640.22415183374
All Population,Prevalence,Mexico,Both,60+ years,Alzheimer's disease and other dementias,Number,2023,675372.507747049,786205.1176550308,570213.3631042844
All Population,Prevalence,Mexico,Male,60+ years,Alzheimer's disease and other dementias,Percent,2023,0.0341384415334613,0.0397369659272279,0.028703012589172
All Population,Prevalence,Mexico,Female,60+ years,Alzheimer's disease and other dementias,Percent,2023,0.0444475432866232,0.0519168570101724,0.0374821986006588
All Population,Prevalence,Mexico,Both,60+ years,Alzheimer's disease and other dementias,Percent,2023,0.039712176757387,0.0462290440902129,0.0335289945451765
All Population,Prevalence,Djibouti,Male,60+ years,Alzheimer's disease and other dementias,Number,2023,914.0233423948335,1059.8595095743394,770.9371398414389
All Population,Prevalence,Djibouti,Female,60+ years,Alzheimer's disease and other dementias,Number,2023,1371.59596414456,1571.6525778899086,1157.93352432566
All Population,Prevalence,Djibouti,Both,60+ years,Alzheimer's disease and other dementias,Number,2023,2285.6193065393945,2630.050100886496,1943.5457434667933
All Population,Prevalence,Djibouti,Male,60+ years,Alzheimer's disease and other dementias,Percent,2023,0.0212615519833929,0.0246509375136523,0.0179327966841983
All Population,Prevalence,Djibouti,Female,60+ years,Alzheimer's disease and other dementias,Percent,2023,0.0390321059874704,0.0447300490244328,0.0329529140411617
All Population,Prevalence,Djibouti,Both,60+ years,Alzheimer's disease and other dementias,Percent,2023,0.0292541745165263,0.0336605819350666,0.0248755626928245
All Population,Prevalence,Zimbabwe,Male,60+ years,Alzheimer's disease and other dementias,Number,2023,10629.365681830888,12307.218610544798,9059.977486679649
All Population,Prevalence,Zimbabwe,Female,60+ years,Alzheimer's disease and other dementias,Number,2023,27455.239637234623,31877.27122245026,23508.822207156478
All Population,Prevalence,Zimbabwe,Both,60+ years,Alzheimer's disease and other dementias,Number,2023,38084.60531906552,43982.475387173145,32567.840683185437
All Population,Prevalence,Zimbabwe,Male,60+ years,Alzheimer's disease and other dementias,Percent,2023,0.026510764047895,0.0306974482742936,0.0225943301069135
All Population,Prevalence,Zimbabwe,Female,60+ years,Alzheimer's disease and other dementias,Percent,2023,0.0443205721812373,0.0514602780253449,0.0379496216809319
All Population,Prevalence,Zimbabwe,Both,60+ years,Alzheimer's disease and other dementias,Percent,2023,0.0373226755398454,0.0431027859381437,0.0319135112625499
All Population,Prevalence,Ghana,Male,60+ years,Alzheimer's disease and other dementias,Number,2023,14356.07633200184,16599.671674470035,12157.39742077831
All Population,Prevalence,Ghana,Female,60+ years,Alzheimer's disease and other dementias,Number,2023,33731.67865247562,39010.62613382156,28699.19437090232
All Population,Prevalence,Ghana,Both,60+ years,Alzheimer's disease and other dementias,Number,2023,48087.75498447742,55627.04100567402,40901.33571442048
All Population,Prevalence,Ghana,Male,60+ years,Alzheimer's disease and other dementias,Percent,2023,0.0166591073472548,0.0192622297315586,0.0141075850306995
All Population,Prevalence,Ghana,Female,60+ years,Alzheimer's disease and other dementias,Percent,2023,0.0303032822169917,0.0350458314198383,0.0257819849688322
All Population,Prevalence,Ghana,Both,60+ years,Alzheimer's disease and other dementias,Percent,2023,0.0243495685622177,0.0281676215586868,0.0207107576745552
All Population,Prevalence,Morocco,Male,60+ years,Alzheimer's disease and other dementias,Number,2023,80859.64404514334,94160.91902501088,65649.58347201823
All Population,Prevalence,Morocco,Female,60+ years,Alzheimer's disease and other dementias,Number,2023,102863.50178158892,119443.26993697011,87065.5534715256
All Population,Prevalence,Morocco,Both,60+ years,Alzheimer's disease and other dementias,Number,2023,183723.14582673225,213408.4901850116,154420.06347221168
All Population,Prevalence,Morocco,Male,60+ years,Alzheimer's disease and other dementias,Percent,2023,0.0339952302445644,0.0395852352998758,0.0276011834724402
All Population,Prevalence,Morocco,Female,60+ years,Alzheimer's disease and other dementias,Percent,2023,0.0440961107273571,0.0512047201192252,0.0373226158793842
All Population,Prevalence,Morocco,Both,60+ years,Alzheimer's disease and other dementias,Percent,2023,0.0389965221788578,0.0453029365690607,0.0327749321484281
All Population,Prevalence,Niue,Male,60+ years,Alzheimer's disease and other dementias,Number,2023,2.9358709824486207,3.416822787520876,2.420262034494588
All Population,Prevalence,Niue,Female,60+ years,Alzheimer's disease and other dementias,Number,2023,8.1952409069509,9.43105977621025,6.654488191515094
All Population,Prevalence,Niue,Both,60+ years,Alzheimer's disease and other dementias,Number,2023,11.13111188939953,12.839938272392494,9.133312886647838
All Population,Prevalence,Niue,Male,60+ years,Alzheimer's disease and other dementias,Percent,2023,0.0206417497865082,0.0240234602118904,0.0170170249504909
All Population,Prevalence,Niue,Female,60+ years,Alzheimer's disease and other dementias,Percent,2023,0.0434152848144187,0.0499609476395957,0.0352554573065515
All Population,Prevalence,Niue,Both,60+ years,Alzheimer's disease and other dementias,Percent,2023,0.0336293767594568,0.0387911562776791,0.0275965007488886
All Population,Prevalence,Benin,Male,60+ years,Alzheimer's disease and other dementias,Number,2023,5445.223190057817,6249.405812428052,4679.894796015546
All Population,Prevalence,Benin,Female,60+ years,Alzheimer's disease and other dementias,Number,2023,11186.80616179402,12771.876916728912,9730.8117057267
All Population,Prevalence,Benin,Both,60+ years,Alzheimer's disease and other dementias,Number,2023,16632.029351851845,18978.776383619625,14539.47818964694
All Population,Prevalence,Benin,Male,60+ years,Alzheimer's disease and other dementias,Percent,2023,0.0185993250002299,0.021345213075992,0.0159851631493366
All Population,Prevalence,Benin,Female,60+ years,Alzheimer's disease and other dementias,Percent,2023,0.0322539768936356,0.036824424452879,0.0280551254957821
All Population,Prevalence,Benin,Both,60+ years,Alzheimer's disease and other dementias,Percent,2023,0.0260038185110932,0.0296739508117994,0.0227322961829709
All Population,Prevalence,Cameroon,Male,60+ years,Alzheimer's disease and other dementias,Number,2023,12003.885895939486,13818.551772477458,10309.381859079782
All Population,Prevalence,Cameroon,Female,60+ years,Alzheimer's disease and other dementias,Number,2023,18603.457984494155,21474.241686551773,15897.965779257112
All Population,Prevalence,Cameroon,Both,60+ years,Alzheimer's disease and other dementias,Number,2023,30607.343880433644,35169.00632956643,26019.714674220628
All Population,Prevalence,Cameroon,Male,60+ years,Alzheimer's disease and other dementias,Percent,2023,0.0165588017272867,0.0190622340169715,0.0142209175801444
All Population,Prevalence,Cameroon,Female,60+ years,Alzheimer's disease and other dementias,Percent,2023,0.0248396793869189,0.0286723495274415,0.0212272716822383
All Population,Prevalence,Cameroon,Both,60+ years,Alzheimer's disease and other dementias,Percent,2023,0.0207667083045904,0.0238615473607684,0.0176538718971397
All Population,Incidence,Chile,Male,60+ years,Alzheimer's disease and other dementias,Number,2023,11216.38291722917,13209.76711576604,9488.316091180182
All Population,Incidence,Chile,Female,60+ years,Alzheimer's disease and other dementias,Number,2023,19853.135891199763,22954.543236912625,17019.44703985569
All Population,Incidence,Chile,Both,60+ years,Alzheimer's disease and other dementias,Number,2023,31069.518808428955,35927.46329010136,26513.464395801133
All Population,Incidence,Chile,Male,60+ years,Alzheimer's disease and other dementias,Percent,2023,0.0015358185669829,0.0018593447436539,0.0012522260831252
All Population,Incidence,Chile,Female,60+ years,Alzheimer's disease and other dementias,Percent,2023,0.0020694353555804,0.0024359847010155,0.0017385201781972
All Population,Incidence,Chile,Both,60+ years,Alzheimer's disease and other dementias,Percent,2023,0.0018385960296061,0.0021845047781526,0.0015286968901834
All Population,Incidence,Uruguay,Male,60+ years,Alzheimer's disease and other dementias,Number,2023,2304.88353655186,2688.9740753904543,1924.260021729841
All Population,Incidence,Uruguay,Female,60+ years,Alzheimer's disease and other dementias,Number,2023,5136.472953003799,5905.930846778683,4367.324220760132
All Population,Incidence,Uruguay,Both,60+ years,Alzheimer's disease and other dementias,Number,2023,7441.356489555661,8588.139905856131,6353.171359656766
All Population,Incidence,Uruguay,Male,60+ years,Alzheimer's disease and other dementias,Percent,2023,0.0016975117073314,0.0021716842815719,0.0012917448341203
All Population,Incidence,Uruguay,Female,60+ years,Alzheimer's disease and other dementias,Percent,2023,0.0025881661243905,0.0032191107675656,0.0020299889488695
All Population,Incidence,Uruguay,Both,60+ years,Alzheimer's disease and other dementias,Percent,2023,0.0022261365968445,0.0027862460031337,0.0017366964898898
All Population,Incidence,Australia,Male,60+ years,Alzheimer's disease and other dementias,Number,2023,28902.013993764213,33561.249721869106,23691.44826135828
All Population,Incidence,Australia,Female,60+ years,Alzheimer's disease and other dementias,Number,2023,46919.03058632472,53276.17764497805,38511.815824237005
All Population,Incidence,Australia,Both,60+ years,Alzheimer's disease and other dementias,Number,2023,75821.04458008894,86281.02444214214,62548.96696401399
All Population,Incidence,Australia,Male,60+ years,Alzheimer's disease and other dementias,Percent,2023,0.0020303264835112,0.0023996668259915,0.0016104922143093
All Population,Incidence,Australia,Female,60+ years,Alzheimer's disease and other dementias,Percent,2023,0.0028031463926715,0.0032859883891928,0.0022468792721698
All Population,Incidence,Australia,Both,60+ years,Alzheimer's disease and other dementias,Percent,2023,0.0024477752167225,0.0028745955226743,0.001960296426876
All Population,Incidence,Israel,Male,60+ years,Alzheimer's disease and other dementias,Number,2023,3288.2229732692217,3894.147841099154,2679.0884790477085
All Population,Incidence,Israel,Female,60+ years,Alzheimer's disease and other dementias,Number,2023,5102.438115283044,5920.875636405479,4135.822559875485
All Population,Incidence,Israel,Both,60+ years,Alzheimer's disease and other dementias,Number,2023,8390.661088552264,9735.52790714864,6835.479080425687
All Population,Incidence,Israel,Male,60+ years,Alzheimer's disease and other dementias,Percent,2023,0.0009968492912605,0.0011994231623699,0.0007972754320026
All Population,Incidence,Israel,Female,60+ years,Alzheimer's disease and other dementias,Percent,2023,0.0012451775134304,0.0014587143421626,0.0009888203327827
All Population,Incidence,Israel,Both,60+ years,Alzheimer's disease and other dementias,Percent,2023,0.0011343490943356,0.001335106909454,0.0009117946625248
All Population,Incidence,Italy,Male,60+ years,Alzheimer's disease and other dementias,Number,2023,83894.96296423602,96886.07585253323,69712.35009298378
All Population,Incidence,Italy,Female,60+ years,Alzheimer's disease and other dementias,Number,2023,156472.7777263918,179330.06195171893,133424.938442246
All Population,Incidence,Italy,Both,60+ years,Alzheimer's disease and other dementias,Number,2023,240367.74069062775,276439.705946304,202574.9805674168
All Population,Incidence,Italy,Male,60+ years,Alzheimer's disease and other dementias,Percent,2023,0.0023622023711902,0.002840137483014,0.0019193870129012
All Population,Incidence,Italy,Female,60+ years,Alzheimer's disease and other dementias,Percent,2023,0.0035578728905355,0.0042079507717094,0.0029758094495693
All Population,Incidence,Italy,Both,60+ years,Alzheimer's disease and other dementias,Percent,2023,0.0030236145931089,0.0036059024516756,0.0025072175412989
All Population,Incidence,Estonia,Male,60+ years,Alzheimer's disease and other dementias,Number,2023,831.7088310710409,978.6451486528814,685.0669486419919
All Population,Incidence,Estonia,Female,60+ years,Alzheimer's disease and other dementias,Number,2023,2292.8533137466447,2684.6411516479966,1912.0108998784865
All Population,Incidence,Estonia,Both,60+ years,Alzheimer's disease and other dementias,Number,2023,3124.5621448176853,3664.91604325231,2621.338734734488
All Population,Incidence,Estonia,Male,60+ years,Alzheimer's disease and other dementias,Percent,2023,0.0015618016998503,0.0019506445682225,0.0012410495686715
All Population,Incidence,Estonia,Female,60+ years,Alzheimer's disease and other dementias,Percent,2023,0.0024192924810354,0.0029289491457612,0.0019546343501181
All Population,Incidence,Estonia,Both,60+ years,Alzheimer's disease and other dementias,Percent,2023,0.0021106124085044,0.0025643075232454,0.0017162013426501
All Population,Incidence,Canada,Male,60+ years,Alzheimer's disease and other dementias,Number,2023,41619.670532869495,47792.74203802598,34552.4661626272
All Population,Incidence,Canada,Female,60+ years,Alzheimer's disease and other dementias,Number,2023,67629.8182716051,75941.75769616097,58072.71166249069
All Population,Incidence,Canada,Both,60+ years,Alzheimer's disease and other dementias,Number,2023,109249.4888044746,123959.79183889744,93306.96549914627
All Population,Incidence,Canada,Male,60+ years,Alzheimer's disease and other dementias,Percent,2023,0.0017000988741126,0.00206807649008,0.0013058355896935
All Population,Incidence,Canada,Female,60+ years,Alzheimer's disease and other dementias,Percent,2023,0.0023730601643251,0.002766119229439,0.0018996713065774
All Population,Incidence,Canada,Both,60+ years,Alzheimer's disease and other dementias,Percent,2023,0.002061896549978,0.0024380115952784,0.0016378693013617
All Population,Incidence,Bulgaria,Male,60+ years,Alzheimer's disease and other dementias,Number,2023,4950.465548439465,5832.912329952304,4031.015677259534
All Population,Incidence,Bulgaria,Female,60+ years,Alzheimer's disease and other dementias,Number,2023,10047.045674115983,11723.977927529206,8279.316093667867
All Population,Incidence,Bulgaria,Both,60+ years,Alzheimer's disease and other dementias,Number,2023,14997.511222555448,17506.03958953039,12301.482808318146
All Population,Incidence,Bulgaria,Male,60+ years,Alzheimer's disease and other dementias,Percent,2023,0.0016396012046667,0.002218040793961,0.0011367326956104
All Population,Incidence,Bulgaria,Female,60+ years,Alzheimer's disease and other dementias,Percent,2023,0.002283595159443,0.0030037960231367,0.0016894200722858
All Population,Incidence,Bulgaria,Both,60+ years,Alzheimer's disease and other dementias,Percent,2023,0.0020212539533205,0.0026648790735384,0.0014797724216915
All Population,Incidence,New Zealand,Male,60+ years,Alzheimer's disease and other dementias,Number,2023,5441.765529411594,6291.556236505813,4553.017011479073
All Population,Incidence,New Zealand,Female,60+ years,Alzheimer's disease and other dementias,Number,2023,8267.886874741465,9428.510055316605,7033.688506965528
All Population,Incidence,New Zealand,Both,60+ years,Alzheimer's disease and other dementias,Number,2023,13709.65240415306,15647.33162233946,11585.488996950662
All Population,Incidence,New Zealand,Male,60+ years,Alzheimer's disease and other dementias,Percent,2023,0.0021016266035549,0.0025141787512944,0.0016861496731024
All Population,Incidence,New Zealand,Female,60+ years,Alzheimer's disease and other dementias,Percent,2023,0.0027188112499201,0.0032128123223075,0.0022211781876631
All Population,Incidence,New Zealand,Both,60+ years,Alzheimer's disease and other dementias,Percent,2023,0.0024347854263584,0.0028818691690388,0.0019662905752748
All Population,Incidence,Armenia,Male,60+ years,Alzheimer's disease and other dementias,Number,2023,1741.740620013732,1998.3781693181493,1479.3517532862256
All Population,Incidence,Armenia,Female,60+ years,Alzheimer's disease and other dementias,Number,2023,3270.4197988117594,3737.319982209569,2794.904394156524
All Population,Incidence,Armenia,Both,60+ years,Alzheimer's disease and other dementias,Number,2023,5012.160418825485,5683.202642420269,4277.790832824557
All Population,Incidence,Armenia,Male,60+ years,Alzheimer's disease and other dementias,Percent,2023,0.0013988606993054,0.0018418538400409,0.0009459153038321
All Population,Incidence,Armenia,Female,60+ years,Alzheimer's disease and other dementias,Percent,2023,0.0018308367461184,0.0024101860569257,0.0012626806929086
All Population,Incidence,Armenia,Both,60+ years,Alzheimer's disease and other dementias,Percent,2023,0.0016532952680676,0.0021734492960528,0.0011263548845133
All Population,Incidence,Luxembourg,Male,60+ years,Alzheimer's disease and other dementias,Number,2023,353.9764942306253,409.5026661955286,291.8630665584951
All Population,Incidence,Luxembourg,Female,60+ years,Alzheimer's disease and other dementias,Number,2023,592.6594277428317,693.9514376785964,489.6746358198784
All Population,Incidence,Luxembourg,Both,60+ years,Alzheimer's disease and other dementias,Number,2023,946.635921973458,1103.8162081009718,783.1860558581557
All Population,Incidence,Luxembourg,Male,60+ years,Alzheimer's disease and other dementias,Percent,2023,0.0013231435685722,0.0016190463671339,0.0010485468621264
All Population,Incidence,Luxembourg,Female,60+ years,Alzheimer's disease and other dementias,Percent,2023,0.0018229623883,0.0021834481330974,0.0014778120499537
All Population,Incidence,Luxembourg,Both,60+ years,Alzheimer's disease and other dementias,Percent,2023,0.0015972004039616,0.0019234639400991,0.0012881220104634
All Population,Incidence,Croatia,Male,60+ years,Alzheimer's disease and other dementias,Number,2023,3032.0949230608794,3540.2931701048938,2447.2066452140466
All Population,Incidence,Croatia,Female,60+ years,Alzheimer's disease and other dementias,Number,2023,6184.379883775216,7205.229085508639,5134.251387140463
All Population,Incidence,Croatia,Both,60+ years,Alzheimer's disease and other dementias,Number,2023,9216.474806836102,10754.393700737315,7605.399171887824
All Population,Incidence,Croatia,Male,60+ years,Alzheimer's disease and other dementias,Percent,2023,0.0014798326593558,0.0019239456245923,0.0009938150719061
All Population,Incidence,Croatia,Female,60+ years,Alzheimer's disease and other dementias,Percent,2023,0.0021265772965034,0.0027445086771375,0.0015105004621996
All Population,Incidence,Croatia,Both,60+ years,Alzheimer's disease and other dementias,Percent,2023,0.0018591087259606,0.0024175129026937,0.0013018743937435
All Population,Incidence,Latvia,Male,60+ years,Alzheimer's disease and other dementias,Number,2023,1160.4850681172604,1344.846203806117,962.0988841447224
All Population,Incidence,Latvia,Female,60+ years,Alzheimer's disease and other dementias,Number,2023,3416.872400458214,3951.904861912938,2865.3762878549774
All Population,Incidence,Latvia,Both,60+ years,Alzheimer's disease and other dementias,Number,2023,4577.357468575481,5300.398652545274,3814.448497616977
All Population,Incidence,Latvia,Male,60+ years,Alzheimer's disease and other dementias,Percent,2023,0.0014002570238278,0.0019468413751106,0.0005159285031827
All Population,Incidence,Latvia,Female,60+ years,Alzheimer's disease and other dementias,Percent,2023,0.0022912876226203,0.0031249749082571,0.0008812916832208
All Population,Incidence,Latvia,Both,60+ years,Alzheimer's disease and other dementias,Percent,2023,0.0019727265294402,0.0027062002616775,0.0007490514685536
All Population,Incidence,China,Male,60+ years,Alzheimer's disease and other dementias,Number,2023,1178913.0425847797,1346118.467445045,997506.9355736582
All Population,Incidence,China,Female,60+ years,Alzheimer's disease and other dementias,Number,2023,2039291.4879071,2308376.7763475794,1746864.3194993362
All Population,Incidence,China,Both,60+ years,Alzheimer's disease and other dementias,Number,2023,3218204.530491879,3655501.764718236,2749779.4650187977
All Population,Incidence,China,Male,60+ years,Alzheimer's disease and other dementias,Percent,2023,0.0028212106181116,0.0033106929484395,0.0022791903597562
All Population,Incidence,China,Female,60+ years,Alzheimer's disease and other dementias,Percent,2023,0.0043327969763417,0.0050168019356446,0.0036007766135783
All Population,Incidence,China,Both,60+ years,Alzheimer's disease and other dementias,Percent,2023,0.0036218057346362,0.0042179916343744,0.0029707111723031
All Population,Incidence,Thailand,Male,60+ years,Alzheimer's disease and other dementias,Number,2023,29829.62166870957,34722.5498379456,25058.1328237955
All Population,Incidence,Thailand,Female,60+ years,Alzheimer's disease and other dementias,Number,2023,53897.29175251012,63081.52685905239,45359.28030121762
All Population,Incidence,Thailand,Both,60+ years,Alzheimer's disease and other dementias,Number,2023,83726.9134212197,97633.792956607,70215.19976181167
All Population,Incidence,Thailand,Male,60+ years,Alzheimer's disease and other dementias,Percent,2023,0.0009167745130383,0.0010915336797219,0.0007449936174231
All Population,Incidence,Thailand,Female,60+ years,Alzheimer's disease and other dementias,Percent,2023,0.0013608964386701,0.0016131599905036,0.0011027749660565
All Population,Incidence,Thailand,Both,60+ years,Alzheimer's disease and other dementias,Percent,2023,0.0011603699990273,0.0013736074121464,0.0009456350734783
All Population,Incidence,Lithuania,Male,60+ years,Alzheimer's disease and other dementias,Number,2023,1727.281395485251,2033.760288943755,1442.543919606902
All Population,Incidence,Lithuania,Female,60+ years,Alzheimer's disease and other dementias,Number,2023,4661.020217472036,5443.502781623869,3877.963552926084
All Population,Incidence,Lithuania,Both,60+ years,Alzheimer's disease and other dementias,Number,2023,6388.301612957288,7404.623129775433,5310.303465599588
All Population,Incidence,Lithuania,Male,60+ years,Alzheimer's disease and other dementias,Percent,2023,0.0014135514713457,0.0018963141609771,0.0006009806974554
All Population,Incidence,Lithuania,Female,60+ years,Alzheimer's disease and other dementias,Percent,2023,0.0020446303780738,0.0026314418906172,0.0009256521346059
All Population,Incidence,Lithuania,Both,60+ years,Alzheimer's disease and other dementias,Percent,2023,0.0018241041766386,0.0023648504253796,0.0008141202187337
All Population,Incidence,Malta,Male,60+ years,Alzheimer's disease and other dementias,Number,2023,486.07926699329073,569.7259321011595,394.74333212137617
All Population,Incidence,Malta,Female,60+ years,Alzheimer's disease and other dementias,Number,2023,762.1788183111285,887.6508751035467,636.0327584524962
All Population,Incidence,Malta,Both,60+ years,Alzheimer's disease and other dementias,Number,2023,1248.2580853044196,1447.8517359612654,1036.2726788030095
All Population,Incidence,Malta,Male,60+ years,Alzheimer's disease and other dementias,Percent,2023,0.0019256383836283,0.0024668580630406,0.0014203944870929
All Population,Incidence,Malta,Female,60+ years,Alzheimer's disease and other dementias,Percent,2023,0.0026414743853736,0.0033635976331145,0.0019849273478493
All Population,Incidence,Malta,Both,60+ years,Alzheimer's disease and other dementias,Percent,2023,0.0023072419568854,0.002924576602636,0.0017217904459257
All Population,Incidence,Colombia,Male,60+ years,Alzheimer's disease and other dementias,Number,2023,23213.50769806196,27115.910741594365,19487.43312346365
All Population,Incidence,Colombia,Female,60+ years,Alzheimer's disease and other dementias,Number,2023,38783.7881860725,44204.035468582704,33328.70881391117
All Population,Incidence,Colombia,Both,60+ years,Alzheimer's disease and other dementias,Number,2023,61997.2958841345,71164.04822876494,52836.564348848624
All Population,Incidence,Colombia,Male,60+ years,Alzheimer's disease and other dementias,Percent,2023,0.001613976888567,0.002011078356835,0.001296947219746
All Population,Incidence,Colombia,Female,60+ years,Alzheimer's disease and other dementias,Percent,2023,0.0020013571659903,0.0024263311724793,0.0016671262790653
All Population,Incidence,Colombia,Both,60+ years,Alzheimer's disease and other dementias,Percent,2023,0.0018361234430453,0.0022422695039149,0.0015052292760441
All Population,Incidence,Azerbaijan,Male,60+ years,Alzheimer's disease and other dementias,Number,2023,2813.273439600652,3240.14431987031,2383.432711097612
All Population,Incidence,Azerbaijan,Female,60+ years,Alzheimer's disease and other dementias,Number,2023,4638.926163400143,5346.134597776244,3905.853190776391
All Population,Incidence,Azerbaijan,Both,60+ years,Alzheimer's disease and other dementias,Number,2023,7452.1996030008,8641.627195199202,6312.459340141143
All Population,Incidence,Azerbaijan,Male,60+ years,Alzheimer's disease and other dementias,Percent,2023,0.0013430732447681,0.0018374209374517,0.0009165056732669
All Population,Incidence,Azerbaijan,Female,60+ years,Alzheimer's disease and other dementias,Percent,2023,0.0016948815785432,0.0022505527445192,0.0011897698915583
All Population,Incidence,Azerbaijan,Both,60+ years,Alzheimer's disease and other dementias,Percent,2023,0.0015421776507984,0.0020591281524382,0.0010744340053143
All Population,Incidence,Timor-Leste,Male,60+ years,Alzheimer's disease and other dementias,Number,2023,213.22075039049145,250.85889453966183,175.07860590693264
All Population,Incidence,Timor-Leste,Female,60+ years,Alzheimer's disease and other dementias,Number,2023,282.5712324663773,340.39060942369406,230.20895044448048
All Population,Incidence,Timor-Leste,Both,60+ years,Alzheimer's disease and other dementias,Number,2023,495.79198285686863,588.7246505895571,408.4389454724492
All Population,Incidence,Timor-Leste,Male,60+ years,Alzheimer's disease and other dementias,Percent,2023,0.0011607750930628,0.0014354203265422,0.0009259953775947
All Population,Incidence,Timor-Leste,Female,60+ years,Alzheimer's disease and other dementias,Percent,2023,0.0014501411304675,0.0018156897217234,0.001155456907367
All Population,Incidence,Timor-Leste,Both,60+ years,Alzheimer's disease and other dementias,Percent,2023,0.0013096267621048,0.0016430833097863,0.001048693049156
All Population,Incidence,Grenada,Male,60+ years,Alzheimer's disease and other dementias,Number,2023,61.10594744972715,71.00341294806393,50.77659402161215
All Population,Incidence,Grenada,Female,60+ years,Alzheimer's disease and other dementias,Number,2023,92.38391092346916,106.5648453563831,78.35283582479055
All Population,Incidence,Grenada,Both,60+ years,Alzheimer's disease and other dementias,Number,2023,153.48985837319634,176.8579762869856,129.55151246156734
All Population,Incidence,Grenada,Male,60+ years,Alzheimer's disease and other dementias,Percent,2023,0.0014744562157096,0.001783309869358,0.0011870607985353
All Population,Incidence,Grenada,Female,60+ years,Alzheimer's disease and other dementias,Percent,2023,0.0020545880661711,0.0025257873469614,0.001696127026672
All Population,Incidence,Grenada,Both,60+ years,Alzheimer's disease and other dementias,Percent,2023,0.0017761845489035,0.002176165257444,0.0014623903953214
All Population,Incidence,Czechia,Male,60+ years,Alzheimer's disease and other dementias,Number,2023,7424.549838718416,8767.246987245948,6026.382795895726
All Population,Incidence,Czechia,Female,60+ years,Alzheimer's disease and other dementias,Number,2023,14706.208639638737,16998.88050296073,12239.7568371945
All Population,Incidence,Czechia,Both,60+ years,Alzheimer's disease and other dementias,Number,2023,22130.758478357173,25607.08958857373,18294.526626004816
All Population,Incidence,Czechia,Male,60+ years,Alzheimer's disease and other dementias,Percent,2023,0.001367828373695,0.0018151141334026,0.0007481178307984
All Population,Incidence,Czechia,Female,60+ years,Alzheimer's disease and other dementias,Percent,2023,0.0020054344738051,0.0025877079377696,0.0011562917489355
All Population,Incidence,Czechia,Both,60+ years,Alzheimer's disease and other dementias,Percent,2023,0.0017341108440068,0.0022365665272465,0.000994659915245
All Population,Incidence,Democratic People's Republic of Korea,Male,60+ years,Alzheimer's disease and other dementias,Number,2023,6296.8244842793765,7471.026215034592,4878.262069021082
All Population,Incidence,Democratic People's Republic of Korea,Female,60+ years,Alzheimer's disease and other dementias,Number,2023,19963.27986487973,23439.14196558544,16339.730321036048
All Population,Incidence,Democratic People's Republic of Korea,Both,60+ years,Alzheimer's disease and other dementias,Number,2023,26260.104349159108,30706.21863389898,21186.473385006484
All Population,Incidence,Democratic People's Republic of Korea,Male,60+ years,Alzheimer's disease and other dementias,Percent,2023,0.0011720756761604,0.001436256455198,0.0009101994422235
All Population,Incidence,Democratic People's Republic of Korea,Female,60+ years,Alzheimer's disease and other dementias,Percent,2023,0.0022039927036627,0.002649954205838,0.0017526539294456
All Population,Incidence,Democratic People's Republic of Korea,Both,60+ years,Alzheimer's disease and other dementias,Percent,2023,0.0018195385171939,0.0021792629276298,0.0014168658617277
All Population,Incidence,Andorra,Male,60+ years,Alzheimer's disease and other dementias,Number,2023,86.0701702317333,100.27066711173966,72.98859812799763
All Population,Incidence,Andorra,Female,60+ years,Alzheimer's disease and other dementias,Number,2023,117.72901365504376,136.56664475844727,99.2611737772223
All Population,Incidence,Andorra,Both,60+ years,Alzheimer's disease and other dementias,Number,2023,203.79918388677712,235.29749426858265,172.31158737783437
All Population,Incidence,Andorra,Male,60+ years,Alzheimer's disease and other dementias,Percent,2023,0.0019780299423792,0.0023903777284813,0.0015388488523512
All Population,Incidence,Andorra,Female,60+ years,Alzheimer's disease and other dementias,Percent,2023,0.0026032324344458,0.0031325978772056,0.0020745570939961
All Population,Incidence,Andorra,Both,60+ years,Alzheimer's disease and other dementias,Percent,2023,0.002296498017107,0.0027507048251871,0.0018022714417356
All Population,Incidence,Costa Rica,Male,60+ years,Alzheimer's disease and other dementias,Number,2023,2475.5808231688943,2858.2003451845053,2081.0040640009847
All Population,Incidence,Costa Rica,Female,60+ years,Alzheimer's disease and other dementias,Number,2023,3626.029533010541,4201.40125145247,3099.0915824290223
All Population,Incidence,Costa Rica,Both,60+ years,Alzheimer's disease and other dementias,Number,2023,6101.610356179438,7059.206064736118,5188.64708774157
All Population,Incidence,Costa Rica,Male,60+ years,Alzheimer's disease and other dementias,Percent,2023,0.0015368561679722,0.0018353754242305,0.0012394456188385
All Population,Incidence,Costa Rica,Female,60+ years,Alzheimer's disease and other dementias,Percent,2023,0.0018816865211539,0.0022656414419867,0.0015352337924454
All Population,Incidence,Costa Rica,Both,60+ years,Alzheimer's disease and other dementias,Percent,2023,0.0017245491973126,0.002072090899015,0.0014016104407084
All Population,Incidence,Guyana,Male,60+ years,Alzheimer's disease and other dementias,Number,2023,216.3397392995976,257.051101211167,181.2531463707496
All Population,Incidence,Guyana,Female,60+ years,Alzheimer's disease and other dementias,Number,2023,330.8254700332283,386.5821498498609,277.97524786076707
All Population,Incidence,Guyana,Both,60+ years,Alzheimer's disease and other dementias,Number,2023,547.1652093328264,640.1670628128284,455.4330257791144
All Population,Incidence,Guyana,Male,60+ years,Alzheimer's disease and other dementias,Percent,2023,0.0010930643624134,0.0014052628793603,0.0008290960858793
All Population,Incidence,Guyana,Female,60+ years,Alzheimer's disease and other dementias,Percent,2023,0.0013584001548183,0.0017525273169571,0.0010746604852378
All Population,Incidence,Guyana,Both,60+ years,Alzheimer's disease and other dementias,Percent,2023,0.0012393545432752,0.0015938252938225,0.0009659116772362
All Population,Incidence,Georgia,Male,60+ years,Alzheimer's disease and other dementias,Number,2023,1736.7343180237062,1995.846666031312,1439.3548824611044
All Population,Incidence,Georgia,Female,60+ years,Alzheimer's disease and other dementias,Number,2023,4192.479377916364,4844.250497309378,3514.648759011104
All Population,Incidence,Georgia,Both,60+ years,Alzheimer's disease and other dementias,Number,2023,5929.213695940069,6872.362712407997,4977.716352545931
All Population,Incidence,Georgia,Male,60+ years,Alzheimer's disease and other dementias,Percent,2023,0.0014652147005737,0.0021427239064636,0.0007701158301681
All Population,Incidence,Georgia,Female,60+ years,Alzheimer's disease and other dementias,Percent,2023,0.0022206049347909,0.0031832431919295,0.0012092742950722
All Population,Incidence,Georgia,Both,60+ years,Alzheimer's disease and other dementias,Percent,2023,0.001929068664287,0.0027659616154054,0.0010379129115804
All Population,Incidence,Haiti,Male,60+ years,Alzheimer's disease and other dementias,Number,2023,1888.8210077530969,2184.1520612024638,1555.930883514619
All Population,Incidence,Haiti,Female,60+ years,Alzheimer's disease and other dementias,Number,2023,2660.8426229099505,3104.853812404256,2197.621755845393
All Population,Incidence,Haiti,Both,60+ years,Alzheimer's disease and other dementias,Number,2023,4549.663630663047,5279.38095341331,3747.829311723256
All Population,Incidence,Haiti,Male,60+ years,Alzheimer's disease and other dementias,Percent,2023,0.0011514119672549,0.0014980542457197,0.0008337416714206
All Population,Incidence,Haiti,Female,60+ years,Alzheimer's disease and other dementias,Percent,2023,0.0013187054446192,0.0017180279246919,0.0009678169522158
All Population,Incidence,Haiti,Both,60+ years,Alzheimer's disease and other dementias,Percent,2023,0.0012436036898441,0.0016101910337563,0.0009081791555132
All Population,Incidence,Viet Nam,Male,60+ years,Alzheimer's disease and other dementias,Number,2023,19678.72046975655,22736.59600060672,16160.65075663042
All Population,Incidence,Viet Nam,Female,60+ years,Alzheimer's disease and other dementias,Number,2023,48652.40370903569,56455.604055911135,41200.06161841033
All Population,Incidence,Viet Nam,Both,60+ years,Alzheimer's disease and other dementias,Number,2023,68331.12417879222,79351.31810016555,57837.65029767128
All Population,Incidence,Viet Nam,Male,60+ years,Alzheimer's disease and other dementias,Percent,2023,0.0010905189759322,0.0013525419095895,0.0008330312581716
All Population,Incidence,Viet Nam,Female,60+ years,Alzheimer's disease and other dementias,Percent,2023,0.0018368244199928,0.0022612911864492,0.0014275459884907
All Population,Incidence,Viet Nam,Both,60+ years,Alzheimer's disease and other dementias,Percent,2023,0.0015342822796126,0.001894479824936,0.0011817603362923
All Population,Incidence,United States of America,Male,60+ years,Alzheimer's disease and other dementias,Number,2023,302356.1414601365,350285.38984795363,240699.2963886802
All Population,Incidence,United States of America,Female,60+ years,Alzheimer's disease and other dementias,Number,2023,495047.4943845296,565253.727944408,420377.6517635719
All Population,Incidence,United States of America,Both,60+ years,Alzheimer's disease and other dementias,Number,2023,797403.6358446664,910130.990863506,663837.1633900749
All Population,Incidence,United States of America,Male,60+ years,Alzheimer's disease and other dementias,Percent,2023,0.0015491760617468,0.0018530872579344,0.0012163528645195
All Population,Incidence,United States of America,Female,60+ years,Alzheimer's disease and other dementias,Percent,2023,0.0021424463614873,0.002479475739825,0.0017680911664634
All Population,Incidence,United States of America,Both,60+ years,Alzheimer's disease and other dementias,Percent,2023,0.0018707549773921,0.0021948910131593,0.0015040431838068
All Population,Incidence,Guatemala,Male,60+ years,Alzheimer's disease and other dementias,Number,2023,4199.640296326137,4854.589821920873,3500.7509282260685
All Population,Incidence,Guatemala,Female,60+ years,Alzheimer's disease and other dementias,Number,2023,5906.018171650203,6858.79168659182,4921.720951210915
All Population,Incidence,Guatemala,Both,60+ years,Alzheimer's disease and other dementias,Number,2023,10105.658467976333,11707.071298256838,8415.041635450436
All Population,Incidence,Guatemala,Male,60+ years,Alzheimer's disease and other dementias,Percent,2023,0.0013257734642371,0.001689431439852,0.0010557766227203
All Population,Incidence,Guatemala,Female,60+ years,Alzheimer's disease and other dementias,Percent,2023,0.0015341974537555,0.0019421057232882,0.0012287109986524
All Population,Incidence,Guatemala,Both,60+ years,Alzheimer's disease and other dementias,Percent,2023,0.001439987988506,0.0018298182648557,0.0011517404519482
All Population,Incidence,San Marino,Male,60+ years,Alzheimer's disease and other dementias,Number,2023,38.72598078442674,44.8180403282082,32.455548007993414
All Population,Incidence,San Marino,Female,60+ years,Alzheimer's disease and other dementias,Number,2023,56.081770225964405,65.46104141989622,47.38731910936494
All Population,Incidence,San Marino,Both,60+ years,Alzheimer's disease and other dementias,Number,2023,94.80775101039112,109.21673006310245,79.8219874207937
All Population,Incidence,San Marino,Male,60+ years,Alzheimer's disease and other dementias,Percent,2023,0.0019875900956844,0.002344541914955,0.0016299305519503
All Population,Incidence,San Marino,Female,60+ years,Alzheimer's disease and other dementias,Percent,2023,0.0025319598018475,0.0030210917585628,0.0020476489172245
All Population,Incidence,San Marino,Both,60+ years,Alzheimer's disease and other dementias,Percent,2023,0.0022770107276814,0.0027007277837868,0.0018698389953508
All Population,Incidence,Austria,Male,60+ years,Alzheimer's disease and other dementias,Number,2023,8497.521991610749,10104.600232009736,7027.730728831384
All Population,Incidence,Austria,Female,60+ years,Alzheimer's disease and other dementias,Number,2023,14930.302167940486,17360.306379268266,12444.10156944081
All Population,Incidence,Austria,Both,60+ years,Alzheimer's disease and other dementias,Number,2023,23427.824159551248,27349.374425839454,19452.756434626
All Population,Incidence,Austria,Male,60+ years,Alzheimer's disease and other dementias,Percent,2023,0.0018806250647686,0.0022760354037769,0.0014862168061791
All Population,Incidence,Austria,Female,60+ years,Alzheimer's disease and other dementias,Percent,2023,0.002642488189607,0.0032109815994287,0.0021506124133377
All Population,Incidence,Austria,Both,60+ years,Alzheimer's disease and other dementias,Percent,2023,0.002303737138255,0.0027888430617298,0.0018680610822252
All Population,Incidence,Bermuda,Male,60+ years,Alzheimer's disease and other dementias,Number,2023,55.554080513747984,65.55956481951509,46.00661807297212
All Population,Incidence,Bermuda,Female,60+ years,Alzheimer's disease and other dementias,Number,2023,96.38390282275164,112.09232719970632,80.9406822457438
All Population,Incidence,Bermuda,Both,60+ years,Alzheimer's disease and other dementias,Number,2023,151.93798333649963,177.37858731653483,126.87114839720198
All Population,Incidence,Bermuda,Male,60+ years,Alzheimer's disease and other dementias,Percent,2023,0.001690388225774,0.0021255990829427,0.0013259981867044
All Population,Incidence,Bermuda,Female,60+ years,Alzheimer's disease and other dementias,Percent,2023,0.0022450222952994,0.0027629458155423,0.0017658826745393
All Population,Incidence,Bermuda,Both,60+ years,Alzheimer's disease and other dementias,Percent,2023,0.0020043736193283,0.0024978598234884,0.0015698031889368
All Population,Incidence,El Salvador,Male,60+ years,Alzheimer's disease and other dementias,Number,2023,2236.0050672830066,2614.9026856914334,1876.8679396083824
All Population,Incidence,El Salvador,Female,60+ years,Alzheimer's disease and other dementias,Number,2023,4154.123880500194,4852.832248107811,3518.758062403458
All Population,Incidence,El Salvador,Both,60+ years,Alzheimer's disease and other dementias,Number,2023,6390.128947783205,7494.077941372328,5386.192543851188
All Population,Incidence,El Salvador,Male,60+ years,Alzheimer's disease and other dementias,Percent,2023,0.0015216992768229,0.0018769277813136,0.0011846464581757
All Population,Incidence,El Salvador,Female,60+ years,Alzheimer's disease and other dementias,Percent,2023,0.0018921941998861,0.0023146089388548,0.0015278532825356
All Population,Incidence,El Salvador,Both,60+ years,Alzheimer's disease and other dementias,Percent,2023,0.0017435092723287,0.0021272356294006,0.0013988746153905
All Population,Incidence,Taiwan,Male,60+ years,Alzheimer's disease and other dementias,Number,2023,12924.835533250483,15077.105394819351,10462.920184284809
All Population,Incidence,Taiwan,Female,60+ years,Alzheimer's disease and other dementias,Number,2023,25893.748826217525,30311.76259514995,21107.17746776366
All Population,Incidence,Taiwan,Both,60+ years,Alzheimer's disease and other dementias,Number,2023,38818.584359468,44971.60383313923,31933.441505736104
All Population,Incidence,Taiwan,Male,60+ years,Alzheimer's disease and other dementias,Percent,2023,0.0012273415292642,0.0014821051613394,0.0009014994538683
All Population,Incidence,Taiwan,Female,60+ years,Alzheimer's disease and other dementias,Percent,2023,0.0017016074664006,0.0020351287302457,0.0013064923408051
All Population,Incidence,Taiwan,Both,60+ years,Alzheimer's disease and other dementias,Percent,2023,0.0015071611860767,0.0018034183494179,0.0011491686168871
All Population,Incidence,Republic of Moldova,Male,60+ years,Alzheimer's disease and other dementias,Number,2023,1834.0289379477983,2137.810348514465,1539.115461311641
All Population,Incidence,Republic of Moldova,Female,60+ years,Alzheimer's disease and other dementias,Number,2023,4181.045121342485,4862.23697069529,3516.6327258672027
All Population,Incidence,Republic of Moldova,Both,60+ years,Alzheimer's disease and other dementias,Number,2023,6015.074059290283,6979.812160655581,5046.315609366088
All Population,Incidence,Republic of Moldova,Male,60+ years,Alzheimer's disease and other dementias,Percent,2023,0.0015077958897853,0.001946231198401,0.0008092063900726
All Population,Incidence,Republic of Moldova,Female,60+ years,Alzheimer's disease and other dementias,Percent,2023,0.0020538683511467,0.0026165902806046,0.001174412645081
All Population,Incidence,Republic of Moldova,Both,60+ years,Alzheimer's disease and other dementias,Percent,2023,0.0018493378498407,0.0023623964849539,0.0010327417884972
All Population,Incidence,Gambia,Male,60+ years,Alzheimer's disease and other dementias,Number,2023,233.69711773822755,273.80133964010696,197.10366204131284
All Population,Incidence,Gambia,Female,60+ years,Alzheimer's disease and other dementias,Number,2023,414.63314810610495,478.1226223015482,348.325184422646
All Population,Incidence,Gambia,Both,60+ years,Alzheimer's disease and other dementias,Number,2023,648.3302658443324,744.3116220152067,546.250792393346
All Population,Incidence,Gambia,Male,60+ years,Alzheimer's disease and other dementias,Percent,2023,0.0008484514141202,0.0010450796260547,0.0006855507285209
All Population,Incidence,Gambia,Female,60+ years,Alzheimer's disease and other dementias,Percent,2023,0.0013930481536421,0.0017074727090183,0.0011204933539006
All Population,Incidence,Gambia,Both,60+ years,Alzheimer's disease and other dementias,Percent,2023,0.0011312450339508,0.0013957081857064,0.0009106995154133
All Population,Incidence,Kazakhstan,Male,60+ years,Alzheimer's disease and other dementias,Number,2023,4393.257945800033,5153.775228883538,3644.057229383953
All Population,Incidence,Kazakhstan,Female,60+ years,Alzheimer's disease and other dementias,Number,2023,10555.80814626175,12328.432727964691,8911.246932597005
All Population,Incidence,Kazakhstan,Both,60+ years,Alzheimer's disease and other dementias,Number,2023,14949.066092061788,17435.0134222453,12618.609674787052
All Population,Incidence,Kazakhstan,Male,60+ years,Alzheimer's disease and other dementias,Percent,2023,0.0011849040979921,0.0015873372892398,0.0008466130001034
All Population,Incidence,Kazakhstan,Female,60+ years,Alzheimer's disease and other dementias,Percent,2023,0.0018745313318131,0.0025176027589324,0.0013541030332234
All Population,Incidence,Kazakhstan,Both,60+ years,Alzheimer's disease and other dementias,Percent,2023,0.0016006909541064,0.0021433535310053,0.0011515233138285
All Population,Incidence,Tokelau,Male,60+ years,Alzheimer's disease and other dementias,Number,2023,0.629065101979668,0.7286337505065275,0.519252992319248
All Population,Incidence,Tokelau,Female,60+ years,Alzheimer's disease and other dementias,Number,2023,0.9072989421095978,1.045650583407178,0.7514586688661026
All Population,Incidence,Tokelau,Both,60+ years,Alzheimer's disease and other dementias,Number,2023,1.5363640440892652,1.7659320911059373,1.2754913419546472
All Population,Incidence,Tokelau,Male,60+ years,Alzheimer's disease and other dementias,Percent,2023,0.0018228689627183,0.0021750117967962,0.0014492932231722
All Population,Incidence,Tokelau,Female,60+ years,Alzheimer's disease and other dementias,Percent,2023,0.0020748713325453,0.0024445600867293,0.0016703832899452
All Population,Incidence,Tokelau,Both,60+ years,Alzheimer's disease and other dementias,Percent,2023,0.0019634627863688,0.0023165144970753,0.0015522987686274
All Population,Incidence,Qatar,Male,60+ years,Alzheimer's disease and other dementias,Number,2023,193.3455218938068,227.17531385306785,159.6375453072415
All Population,Incidence,Qatar,Female,60+ years,Alzheimer's disease and other dementias,Number,2023,193.80427682442308,222.84058137594175,162.94216624469288
All Population,Incidence,Qatar,Both,60+ years,Alzheimer's disease and other dementias,Number,2023,387.14979871822993,450.1153711557392,323.134981613057
All Population,Incidence,Qatar,Male,60+ years,Alzheimer's disease and other dementias,Percent,2023,0.0005949825062545,0.0007430388475072,0.0004526292171214
All Population,Incidence,Qatar,Female,60+ years,Alzheimer's disease and other dementias,Percent,2023,0.001210024461769,0.0014492486572185,0.0009869132322173
All Population,Incidence,Qatar,Both,60+ years,Alzheimer's disease and other dementias,Percent,2023,0.0007978184357339,0.0009810610336104,0.0006250299650747
All Population,Incidence,Cook Islands,Male,60+ years,Alzheimer's disease and other dementias,Number,2023,5.439744496455531,6.368518076199814,4.399852497322535
All Population,Incidence,Cook Islands,Female,60+ years,Alzheimer's disease and other dementias,Number,2023,9.289704040375732,10.874062713307634,7.733478851076988
All Population,Incidence,Cook Islands,Both,60+ years,Alzheimer's disease and other dementias,Number,2023,14.729448536831248,17.187476182479106,12.178512244931204
All Population,Incidence,Cook Islands,Male,60+ years,Alzheimer's disease and other dementias,Percent,2023,0.0012041661604561,0.0014693090813518,0.0009245084073103
All Population,Incidence,Cook Islands,Female,60+ years,Alzheimer's disease and other dementias,Percent,2023,0.0017898995752015,0.0021767161788134,0.001438049815196
All Population,Incidence,Cook Islands,Both,60+ years,Alzheimer's disease and other dementias,Percent,2023,0.0015171826360948,0.0018330190257716,0.0011955659686051
All Population,Incidence,Netherlands,Male,60+ years,Alzheimer's disease and other dementias,Number,2023,20713.44399271365,23679.9382627198,17113.298832488283
All Population,Incidence,Netherlands,Female,60+ years,Alzheimer's disease and other dementias,Number,2023,28499.4572989661,32476.9534900541,23453.82087112821
All Population,Incidence,Netherlands,Both,60+ years,Alzheimer's disease and other dementias,Number,2023,49212.90129167975,55754.33814235698,40631.67326553673
All Population,Incidence,Netherlands,Male,60+ years,Alzheimer's disease and other dementias,Percent,2023,0.0024150068716767,0.0031016918809168,0.0017577885672593
All Population,Incidence,Netherlands,Female,60+ years,Alzheimer's disease and other dementias,Percent,2023,0.0027241756131126,0.0033954231205674,0.0020624020639009
All Population,Incidence,Netherlands,Both,60+ years,Alzheimer's disease and other dementias,Percent,2023,0.0025846771461061,0.0032487393719584,0.0019297689254474
All Population,Incidence,Saudi Arabia,Male,60+ years,Alzheimer's disease and other dementias,Number,2023,3643.2762783464814,4292.058546509833,2902.943669825182
All Population,Incidence,Saudi Arabia,Female,60+ years,Alzheimer's disease and other dementias,Number,2023,3910.950452904688,4609.5184369845765,3262.5235260447257
All Population,Incidence,Saudi Arabia,Both,60+ years,Alzheimer's disease and other dementias,Number,2023,7554.226731251171,8743.761723955655,6255.990384925602
All Population,Incidence,Saudi Arabia,Male,60+ years,Alzheimer's disease and other dementias,Percent,2023,0.0009438771024571,0.0013412615889595,0.0006475030091775
All Population,Incidence,Saudi Arabia,Female,60+ years,Alzheimer's disease and other dementias,Percent,2023,0.0013255147600485,0.001785074474152,0.0009496332326499
All Population,Incidence,Saudi Arabia,Both,60+ years,Alzheimer's disease and other dementias,Percent,2023,0.001109113315211,0.0015382424848466,0.0007753251385138
All Population,Incidence,Tuvalu,Male,60+ years,Alzheimer's disease and other dementias,Number,2023,1.5754305950975844,1.8651094869346103,1.279707909014034
All Population,Incidence,Tuvalu,Female,60+ years,Alzheimer's disease and other dementias,Number,2023,3.3342967632976825,3.869323929816744,2.709903262221347
All Population,Incidence,Tuvalu,Both,60+ years,Alzheimer's disease and other dementias,Number,2023,4.909727358395262,5.709787159373979,4.040173316775368
All Population,Incidence,Tuvalu,Male,60+ years,Alzheimer's disease and other dementias,Percent,2023,0.0007835274918498,0.0009463915731271,0.0006096701132681
All Population,Incidence,Tuvalu,Female,60+ years,Alzheimer's disease and other dementias,Percent,2023,0.0011929988256719,0.0014371008270794,0.0009556334163261
All Population,Incidence,Tuvalu,Both,60+ years,Alzheimer's disease and other dementias,Percent,2023,0.0010215809070593,0.0012282626778005,0.0008085435110638
All Population,Incidence,Pakistan,Male,60+ years,Alzheimer's disease and other dementias,Number,2023,37448.63637912668,43250.406055738895,31285.382442506758
All Population,Incidence,Pakistan,Female,60+ years,Alzheimer's disease and other dementias,Number,2023,36769.45829334065,42289.27791099067,30683.553754619534
All Population,Incidence,Pakistan,Both,60+ years,Alzheimer's disease and other dementias,Number,2023,74218.09467246728,85365.58624449612,62087.77768386428
All Population,Incidence,Pakistan,Male,60+ years,Alzheimer's disease and other dementias,Percent,2023,0.0010332567205463,0.0013200924384255,0.0008293064000117
All Population,Incidence,Pakistan,Female,60+ years,Alzheimer's disease and other dementias,Percent,2023,0.0011610176742816,0.0014714022794886,0.0009355060216875
All Population,Incidence,Pakistan,Both,60+ years,Alzheimer's disease and other dementias,Percent,2023,0.0010927819910335,0.0013884719950301,0.0008845668840249
All Population,Incidence,Hungary,Male,60+ years,Alzheimer's disease and other dementias,Number,2023,5979.746054623842,6964.053702937379,4934.081375937911
All Population,Incidence,Hungary,Female,60+ years,Alzheimer's disease and other dementias,Number,2023,14000.00255409541,16125.532570086554,11847.350798218904
All Population,Incidence,Hungary,Both,60+ years,Alzheimer's disease and other dementias,Number,2023,19979.74860871925,23024.444841876317,16843.571413940765
All Population,Incidence,Hungary,Male,60+ years,Alzheimer's disease and other dementias,Percent,2023,0.0014182069234082,0.0019295439404131,0.0009468462882978
All Population,Incidence,Hungary,Female,60+ years,Alzheimer's disease and other dementias,Percent,2023,0.0020954602152895,0.0027836070382416,0.001442405495044
All Population,Incidence,Hungary,Both,60+ years,Alzheimer's disease and other dementias,Percent,2023,0.001833264011626,0.002451287858773,0.0012510428697371
All Population,Incidence,Jamaica,Male,60+ years,Alzheimer's disease and other dementias,Number,2023,1407.9511462797534,1642.8411221526576,1195.0360525066978
All Population,Incidence,Jamaica,Female,60+ years,Alzheimer's disease and other dementias,Number,2023,2256.546489103398,2569.283364150852,1938.9394946705283
All Population,Incidence,Jamaica,Both,60+ years,Alzheimer's disease and other dementias,Number,2023,3664.497635383151,4216.149050939306,3142.943943505046
All Population,Incidence,Jamaica,Male,60+ years,Alzheimer's disease and other dementias,Percent,2023,0.0019247671510218,0.0023604397874884,0.0014984604125779
All Population,Incidence,Jamaica,Female,60+ years,Alzheimer's disease and other dementias,Percent,2023,0.002546813540268,0.0031087215658016,0.0019977087148898
All Population,Incidence,Jamaica,Both,60+ years,Alzheimer's disease and other dementias,Percent,2023,0.0022653273141433,0.0027727338357289,0.0017747824603029
All Population,Incidence,Ghana,Male,60+ years,Alzheimer's disease and other dementias,Number,2023,2538.8839886209357,2937.048684757406,2125.4732646453426
All Population,Incidence,Ghana,Female,60+ years,Alzheimer's disease and other dementias,Number,2023,6065.930192774064,7017.981215022744,5153.654375970635
All Population,Incidence,Ghana,Both,60+ years,Alzheimer's disease and other dementias,Number,2023,8604.81418139501,9992.811953349365,7286.057543927545
All Population,Incidence,Ghana,Male,60+ years,Alzheimer's disease and other dementias,Percent,2023,0.0007661359432887,0.0010023192288477,0.0005115063314935
All Population,Incidence,Ghana,Female,60+ years,Alzheimer's disease and other dementias,Percent,2023,0.0013240648731559,0.0017137542123611,0.0009066758708767
All Population,Incidence,Ghana,Both,60+ years,Alzheimer's disease and other dementias,Percent,2023,0.0010898244831327,0.0014149345375281,0.0007460280197103
All Population,Incidence,Saint Lucia,Male,60+ years,Alzheimer's disease and other dementias,Number,2023,94.06910105427453,109.9615992492989,79.09260051778693
All Population,Incidence,Saint Lucia,Female,60+ years,Alzheimer's disease and other dementias,Number,2023,135.8374367330462,154.9872248181743,113.77616378647892
All Population,Incidence,Saint Lucia,Both,60+ years,Alzheimer's disease and other dementias,Number,2023,229.90653778732087,264.34041218780783,194.21099214872464
All Population,Incidence,Saint Lucia,Male,60+ years,Alzheimer's disease and other dementias,Percent,2023,0.0017112025651767,0.0021101851336014,0.0013521567359881
All Population,Incidence,Saint Lucia,Female,60+ years,Alzheimer's disease and other dementias,Percent,2023,0.0021262267547355,0.002577659010141,0.0016607819808289
All Population,Incidence,Saint Lucia,Both,60+ years,Alzheimer's disease and other dementias,Percent,2023,0.0019341240784878,0.0023437333407066,0.0015227941756589
All Population,Incidence,Honduras,Male,60+ years,Alzheimer's disease and other dementias,Number,2023,2652.205440847596,3070.6498247089085,2210.7053013805757
All Population,Incidence,Honduras,Female,60+ years,Alzheimer's disease and other dementias,Number,2023,3394.807313116509,3965.897555009844,2843.0002767788915
All Population,Incidence,Honduras,Both,60+ years,Alzheimer's disease and other dementias,Number,2023,6047.012753964104,7059.414695476948,5032.051358525893
All Population,Incidence,Honduras,Male,60+ years,Alzheimer's disease and other dementias,Percent,2023,0.0012757852935055,0.0017182816554807,0.0009713863100476
All Population,Incidence,Honduras,Female,60+ years,Alzheimer's disease and other dementias,Percent,2023,0.0014048723387098,0.0018736320191171,0.0010814622330062
All Population,Incidence,Honduras,Both,60+ years,Alzheimer's disease and other dementias,Percent,2023,0.0013451032966125,0.0017958546511823,0.0010289491579253
All Population,Incidence,Antigua and Barbuda,Male,60+ years,Alzheimer's disease and other dementias,Number,2023,39.04771286415608,45.776391472030376,32.48019791530682
All Population,Incidence,Antigua and Barbuda,Female,60+ years,Alzheimer's disease and other dementias,Number,2023,62.0922198387363,72.0179605889618,52.388033958087775
All Population,Incidence,Antigua and Barbuda,Both,60+ years,Alzheimer's disease and other dementias,Number,2023,101.13993270289234,117.50782646233536,84.61037793233992
All Population,Incidence,Antigua and Barbuda,Male,60+ years,Alzheimer's disease and other dementias,Percent,2023,0.0013350244605365,0.0016528167447485,0.0010727346410663
All Population,Incidence,Antigua and Barbuda,Female,60+ years,Alzheimer's disease and other dementias,Percent,2023,0.0017640605990918,0.0021869581090135,0.0014435966604548
All Population,Incidence,Antigua and Barbuda,Both,60+ years,Alzheimer's disease and other dementias,Percent,2023,0.0015692510013236,0.0019234059922444,0.0012706105679891
All Population,Incidence,Belgium,Male,60+ years,Alzheimer's disease and other dementias,Number,2023,11813.535543570031,13852.182587290292,9717.50166628644
All Population,Incidence,Belgium,Female,60+ years,Alzheimer's disease and other dementias,Number,2023,21074.56177459385,24202.38123220923,17701.830872271723
All Population,Incidence,Belgium,Both,60+ years,Alzheimer's disease and other dementias,Number,2023,32888.09731816388,37918.10159938544,27549.45124252285
All Population,Incidence,Belgium,Male,60+ years,Alzheimer's disease and other dementias,Percent,2023,0.0018193280772791,0.0021567990070158,0.0014737655980733
All Population,Incidence,Belgium,Female,60+ years,Alzheimer's disease and other dementias,Percent,2023,0.0024776483519549,0.0029430953587525,0.0020561021378219
All Population,Incidence,Belgium,Both,60+ years,Alzheimer's disease and other dementias,Percent,2023,0.0021925234846007,0.002588789097952,0.0018106791311352
All Population,Incidence,Guinea,Male,60+ years,Alzheimer's disease and other dementias,Number,2023,1391.6496114779482,1606.2465543544365,1180.0333700879205
All Population,Incidence,Guinea,Female,60+ years,Alzheimer's disease and other dementias,Number,2023,1957.9337273785336,2260.3039674334937,1652.806183232042
All Population,Incidence,Guinea,Both,60+ years,Alzheimer's disease and other dementias,Number,2023,3349.58333885648,3868.201684856337,2836.647892285878
All Population,Incidence,Guinea,Male,60+ years,Alzheimer's disease and other dementias,Percent,2023,0.0009029611430841,0.0012765432347277,0.0006019049242118
All Population,Incidence,Guinea,Female,60+ years,Alzheimer's disease and other dementias,Percent,2023,0.0013051996403813,0.001811209608434,0.0008882961543991
All Population,Incidence,Guinea,Both,60+ years,Alzheimer's disease and other dementias,Percent,2023,0.0011012546854256,0.0015430858802296,0.000736241180736
All Population,Incidence,Botswana,Male,60+ years,Alzheimer's disease and other dementias,Number,2023,440.6928282097771,515.4250998944215,370.2075869513002
All Population,Incidence,Botswana,Female,60+ years,Alzheimer's disease and other dementias,Number,2023,1025.049195305204,1175.706003422486,883.9514808034678
All Population,Incidence,Botswana,Both,60+ years,Alzheimer's disease and other dementias,Number,2023,1465.7420235149802,1690.037600182673,1256.3567750545913
All Population,Incidence,Botswana,Male,60+ years,Alzheimer's disease and other dementias,Percent,2023,0.001077699583302,0.0012991088965408,0.0008229926959587
All Population,Incidence,Botswana,Female,60+ years,Alzheimer's disease and other dementias,Percent,2023,0.0017529639562469,0.0020887577195782,0.0013543877977486
All Population,Incidence,Botswana,Both,60+ years,Alzheimer's disease and other dementias,Percent,2023,0.0014750187955246,0.001765350985923,0.0011426342452996
All Population,Incidence,North Macedonia,Male,60+ years,Alzheimer's disease and other dementias,Number,2023,1105.6089259918103,1288.2603964317266,879.8341480229876
All Population,Incidence,North Macedonia,Female,60+ years,Alzheimer's disease and other dementias,Number,2023,1750.1181011610647,2024.450673680553,1439.8064641892124
All Population,Incidence,North Macedonia,Both,60+ years,Alzheimer's disease and other dementias,Number,2023,2855.727027152874,3312.5401043569645,2335.393488274218
All Population,Incidence,North Macedonia,Male,60+ years,Alzheimer's disease and other dementias,Percent,2023,0.0011995350798504,0.0015627667107006,0.0008910929958718
All Population,Incidence,North Macedonia,Female,60+ years,Alzheimer's disease and other dementias,Percent,2023,0.0015503064276262,0.0019790926952387,0.0011816147852591
All Population,Incidence,North Macedonia,Both,60+ years,Alzheimer's disease and other dementias,Percent,2023,0.0013925786615148,0.0017803736491268,0.0010566528683686
All Population,Incidence,Algeria,Male,60+ years,Alzheimer's disease and other dementias,Number,2023,14591.517290819893,16903.94994199509,12168.482789972788
All Population,Incidence,Algeria,Female,60+ years,Alzheimer's disease and other dementias,Number,2023,18672.86101991452,21441.37525297792,15800.86296160897
All Population,Incidence,Algeria,Both,60+ years,Alzheimer's disease and other dementias,Number,2023,33264.37831073439,38402.01747359918,28034.798790296994
All Population,Incidence,Algeria,Male,60+ years,Alzheimer's disease and other dementias,Percent,2023,0.0020691959663026,0.002495197968836,0.0015799987701267
All Population,Incidence,Algeria,Female,60+ years,Alzheimer's disease and other dementias,Percent,2023,0.0024923794654182,0.0029826028255001,0.0019509140203823
All Population,Incidence,Algeria,Both,60+ years,Alzheimer's disease and other dementias,Percent,2023,0.0022869588335288,0.0027457398305527,0.0017864019710465
All Population,Incidence,Russian Federation,Male,60+ years,Alzheimer's disease and other dementias,Number,2023,65327.22766369232,75401.8927905782,54235.21787340947
All Population,Incidence,Russian Federation,Female,60+ years,Alzheimer's disease and other dementias,Number,2023,173738.2805862811,200387.21659042104,145851.0977214533
All Population,Incidence,Russian Federation,Both,60+ years,Alzheimer's disease and other dementias,Number,2023,239065.5082499734,275646.6730634383,200590.4283663099
All Population,Incidence,Russian Federation,Male,60+ years,Alzheimer's disease and other dementias,Percent,2023,0.0010519247533669,0.0013910026520884,0.0007813894263753
All Population,Incidence,Russian Federation,Female,60+ years,Alzheimer's disease and other dementias,Percent,2023,0.0016053020500378,0.0021380020632426,0.0011953582726382
All Population,Incidence,Russian Federation,Both,60+ years,Alzheimer's disease and other dementias,Percent,2023,0.0014035086077919,0.0018633478971471,0.0010412334094123
All Population,Incidence,Syrian Arab Republic,Male,60+ years,Alzheimer's disease and other dementias,Number,2023,4986.070509324095,5855.964293766798,4016.69228472469
All Population,Incidence,Syrian Arab Republic,Female,60+ years,Alzheimer's disease and other dementias,Number,2023,6498.562980605709,7544.228699036835,5438.174206492626
All Population,Incidence,Syrian Arab Republic,Both,60+ years,Alzheimer's disease and other dementias,Number,2023,11484.633489929793,13324.808341434513,9439.261442122091
All Population,Incidence,Syrian Arab Republic,Male,60+ years,Alzheimer's disease and other dementias,Percent,2023,0.001550402998672,0.0018936284732982,0.0011140062059759
All Population,Incidence,Syrian Arab Republic,Female,60+ years,Alzheimer's disease and other dementias,Percent,2023,0.0019442220134967,0.0023365201871296,0.0014366902856808
All Population,Incidence,Syrian Arab Republic,Both,60+ years,Alzheimer's disease and other dementias,Percent,2023,0.0017509337635895,0.0020844425977307,0.0012941326321903
All Population,Incidence,Montenegro,Male,60+ years,Alzheimer's disease and other dementias,Number,2023,370.2003051241975,435.2981852827693,298.42658613302854
All Population,Incidence,Montenegro,Female,60+ years,Alzheimer's disease and other dementias,Number,2023,625.2773740606779,720.8420538016912,518.552405130748
All Population,Incidence,Montenegro,Both,60+ years,Alzheimer's disease and other dementias,Number,2023,995.4776791848752,1152.9164545471954,825.6724727324539
All Population,Incidence,Montenegro,Male,60+ years,Alzheimer's disease and other dementias,Percent,2023,0.0015900263573997,0.0021640038925822,0.0011128564816132
All Population,Incidence,Montenegro,Female,60+ years,Alzheimer's disease and other dementias,Percent,2023,0.0020950749449351,0.0027560301643561,0.0015152820728853
All Population,Incidence,Montenegro,Both,60+ years,Alzheimer's disease and other dementias,Percent,2023,0.0018736422109138,0.0024964564054533,0.0013321405830482
All Population,Incidence,Mexico,Male,60+ years,Alzheimer's disease and other dementias,Number,2023,48343.08670093471,56375.84426340055,40611.27011677312
All Population,Incidence,Mexico,Female,60+ years,Alzheimer's disease and other dementias,Number,2023,74170.16987090971,85500.34617473464,63054.60208796819
All Population,Incidence,Mexico,Both,60+ years,Alzheimer's disease and other dementias,Number,2023,122513.25657184437,141788.36005451303,103403.18155079204
All Population,Incidence,Mexico,Male,60+ years,Alzheimer's disease and other dementias,Percent,2023,0.001370610764683,0.0016596685660768,0.0011231717526152
All Population,Incidence,Mexico,Female,60+ years,Alzheimer's disease and other dementias,Percent,2023,0.0017030994115361,0.0020210279530865,0.0014157030908264
All Population,Incidence,Mexico,Both,60+ years,Alzheimer's disease and other dementias,Percent,2023,0.0015542928699485,0.0018599184735558,0.0012826578903823
All Population,Incidence,Barbados,Male,60+ years,Alzheimer's disease and other dementias,Number,2023,198.4420399250019,230.8919235427542,165.49025035340037
All Population,Incidence,Barbados,Female,60+ years,Alzheimer's disease and other dementias,Number,2023,335.0584143039692,390.03113291979145,281.94566344426613
All Population,Incidence,Barbados,Both,60+ years,Alzheimer's disease and other dementias,Number,2023,533.5004542289711,618.1370240364297,447.8298289208933
All Population,Incidence,Barbados,Male,60+ years,Alzheimer's disease and other dementias,Percent,2023,0.0013444244645798,0.0016142908654246,0.0010877571186109
All Population,Incidence,Barbados,Female,60+ years,Alzheimer's disease and other dementias,Percent,2023,0.0017150981138182,0.0020603063591735,0.0013922319412984
All Population,Incidence,Barbados,Both,60+ years,Alzheimer's disease and other dementias,Percent,2023,0.0015555028916866,0.0018698930773688,0.0012656418595281
All Population,Incidence,Eritrea,Male,60+ years,Alzheimer's disease and other dementias,Number,2023,751.4166476242623,883.5669026061739,626.7735009613848
All Population,Incidence,Eritrea,Female,60+ years,Alzheimer's disease and other dementias,Number,2023,1655.277450886637,1891.1806300481544,1391.9868880341398
All Population,Incidence,Eritrea,Both,60+ years,Alzheimer's disease and other dementias,Number,2023,2406.6940985108995,2753.678338115911,2031.3934353810516
All Population,Incidence,Eritrea,Male,60+ years,Alzheimer's disease and other dementias,Percent,2023,0.000919526072659,0.0011612700629429,0.0007143759968698
All Population,Incidence,Eritrea,Female,60+ years,Alzheimer's disease and other dementias,Percent,2023,0.0015130949189085,0.0018915917664795,0.0011785599346874
All Population,Incidence,Eritrea,Both,60+ years,Alzheimer's disease and other dementias,Percent,2023,0.0012591320756856,0.0015869193418784,0.0009815116617369
All Population,Incidence,Guinea-Bissau,Male,60+ years,Alzheimer's disease and other dementias,Number,2023,127.15591071413918,148.6852082883425,105.59988725030271
All Population,Incidence,Guinea-Bissau,Female,60+ years,Alzheimer's disease and other dementias,Number,2023,231.7019422979337,268.0536816803267,194.1714484358833
All Population,Incidence,Guinea-Bissau,Both,60+ years,Alzheimer's disease and other dementias,Number,2023,358.8578530120732,415.4362316792293,299.7122835785429
All Population,Incidence,Guinea-Bissau,Male,60+ years,Alzheimer's disease and other dementias,Percent,2023,0.0005423848936468,0.0007844081142815,0.0003330650310059
All Population,Incidence,Guinea-Bissau,Female,60+ years,Alzheimer's disease and other dementias,Percent,2023,0.0008196005842636,0.0011715833584564,0.000511502769156
All Population,Incidence,Guinea-Bissau,Both,60+ years,Alzheimer's disease and other dementias,Percent,2023,0.0006938799531469,0.0009945139720392,0.0004318882118059
All Population,Incidence,Lesotho,Male,60+ years,Alzheimer's disease and other dementias,Number,2023,245.90797815406813,285.0553389965568,201.33232190105844
All Population,Incidence,Lesotho,Female,60+ years,Alzheimer's disease and other dementias,Number,2023,761.788405736247,876.0077911857481,645.8040138731803
All Population,Incidence,Lesotho,Both,60+ years,Alzheimer's disease and other dementias,Number,2023,1007.696383890314,1162.069402102183,854.2242804306982
All Population,Incidence,Lesotho,Male,60+ years,Alzheimer's disease and other dementias,Percent,2023,0.0007192825966101,0.0009348771160983,0.0005481564123713
All Population,Incidence,Lesotho,Female,60+ years,Alzheimer's disease and other dementias,Percent,2023,0.0013629375742614,0.0017302099903906,0.001066705627584
All Population,Incidence,Lesotho,Both,60+ years,Alzheimer's disease and other dementias,Percent,2023,0.001118563079376,0.0014403851274455,0.0008681997325892
All Population,Incidence,Ukraine,Male,60+ years,Alzheimer's disease and other dementias,Number,2023,21282.135567967453,24632.089679931123,17688.76082448592
All Population,Incidence,Ukraine,Female,60+ years,Alzheimer's disease and other dementias,Number,2023,56830.36962561761,65931.01306545704,47692.43977371717
All Population,Incidence,Ukraine,Both,60+ years,Alzheimer's disease and other dementias,Number,2023,78112.50519358504,90429.82832155169,65556.13591738525
All Population,Incidence,Ukraine,Male,60+ years,Alzheimer's disease and other dementias,Percent,2023,0.0014201375898493,0.0018217541743392,0.0010513089477044
All Population,Incidence,Ukraine,Female,60+ years,Alzheimer's disease and other dementias,Percent,2023,0.0020686697858518,0.0026113288194854,0.0015486351498302
All Population,Incidence,Ukraine,Both,60+ years,Alzheimer's disease and other dementias,Percent,2023,0.0018396322455352,0.0023277348676368,0.0013843157236699
All Population,Incidence,Tunisia,Male,60+ years,Alzheimer's disease and other dementias,Number,2023,4968.480640854136,5756.651759721638,4070.7038199613535
All Population,Incidence,Tunisia,Female,60+ years,Alzheimer's disease and other dementias,Number,2023,7464.650901031866,8499.69504000526,6289.659487032704
All Population,Incidence,Tunisia,Both,60+ years,Alzheimer's disease and other dementias,Number,2023,12433.131541886009,14214.17463967338,10381.190288327669
All Population,Incidence,Tunisia,Male,60+ years,Alzheimer's disease and other dementias,Percent,2023,0.001663868047424,0.0022106570027512,0.0009989670533228
All Population,Incidence,Tunisia,Female,60+ years,Alzheimer's disease and other dementias,Percent,2023,0.0021803689749928,0.0028239142339734,0.0013436971697103
All Population,Incidence,Tunisia,Both,60+ years,Alzheimer's disease and other dementias,Percent,2023,0.0019395521644214,0.0025459334880117,0.0011912173025252
All Population,Incidence,Fiji,Male,60+ years,Alzheimer's disease and other dementias,Number,2023,152.48629899101294,180.7652023088513,123.91757037415456
All Population,Incidence,Fiji,Female,60+ years,Alzheimer's disease and other dementias,Number,2023,281.29581307944323,324.6190015380428,231.6636470980583
All Population,Incidence,Fiji,Both,60+ years,Alzheimer's disease and other dementias,Number,2023,433.7821120704567,505.9414989481248,353.3808112850902
All Population,Incidence,Fiji,Male,60+ years,Alzheimer's disease and other dementias,Percent,2023,0.0008267120779665,0.0010710721812574,0.0005814964395159
All Population,Incidence,Fiji,Female,60+ years,Alzheimer's disease and other dementias,Percent,2023,0.0012211494747916,0.0015561596815535,0.0008901906585832
All Population,Incidence,Fiji,Both,60+ years,Alzheimer's disease and other dementias,Percent,2023,0.0010455816188543,0.0013267218250612,0.0007472748129648
All Population,Incidence,Saint Vincent and the Grenadines,Male,60+ years,Alzheimer's disease and other dementias,Number,2023,70.75663050728916,81.86375047431903,59.42506920672042
All Population,Incidence,Saint Vincent and the Grenadines,Female,60+ years,Alzheimer's disease and other dementias,Number,2023,89.24778418405309,104.3965319045286,75.47267024159868
All Population,Incidence,Saint Vincent and the Grenadines,Both,60+ years,Alzheimer's disease and other dementias,Number,2023,160.00441469134222,184.48728828283785,134.66511719870883
All Population,Incidence,Saint Vincent and the Grenadines,Male,60+ years,Alzheimer's disease and other dementias,Percent,2023,0.0016197289179361,0.0020252615473005,0.0012624215619425
All Population,Incidence,Saint Vincent and the Grenadines,Female,60+ years,Alzheimer's disease and other dementias,Percent,2023,0.0020348413623862,0.0025177254630758,0.001651346801579
All Population,Incidence,Saint Vincent and the Grenadines,Both,60+ years,Alzheimer's disease and other dementias,Percent,2023,0.0018275889935603,0.0022590466520543,0.0014546375045062
All Population,Incidence,Iran (Islamic Republic of),Male,60+ years,Alzheimer's disease and other dementias,Number,2023,28675.77982230108,33231.391684227216,23742.88093582356
All Population,Incidence,Iran (Islamic Republic of),Female,60+ years,Alzheimer's disease and other dementias,Number,2023,39724.17447032472,45847.34470028525,33539.57242445755
All Population,Incidence,Iran (Islamic Republic of),Both,60+ years,Alzheimer's disease and other dementias,Number,2023,68399.95429262583,79067.41887339033,57376.76701795742
All Population,Incidence,Iran (Islamic Republic of),Male,60+ years,Alzheimer's disease and other dementias,Percent,2023,0.0014576797397647,0.0019767186981776,0.0010401325806011
All Population,Incidence,Iran (Islamic Republic of),Female,60+ years,Alzheimer's disease and other dementias,Percent,2023,0.0018122361326703,0.0023755948622137,0.0013302659095782
All Population,Incidence,Iran (Islamic Republic of),Both,60+ years,Alzheimer's disease and other dementias,Percent,2023,0.0016444517744791,0.0021837680752012,0.0011922120588753
All Population,Incidence,Angola,Male,60+ years,Alzheimer's disease and other dementias,Number,2023,2542.590059287562,2949.011070899258,2127.1104240852237
All Population,Incidence,Angola,Female,60+ years,Alzheimer's disease and other dementias,Number,2023,7164.961904165392,8212.100176456364,6096.007462063817
All Population,Incidence,Angola,Both,60+ years,Alzheimer's disease and other dementias,Number,2023,9707.551963452956,11085.972508728497,8250.03809834351
All Population,Incidence,Angola,Male,60+ years,Alzheimer's disease and other dementias,Percent,2023,0.0010243784685416,0.0013238540957399,0.0007087913620949
All Population,Incidence,Angola,Female,60+ years,Alzheimer's disease and other dementias,Percent,2023,0.0019539343262573,0.0024473724276091,0.0014045134481086
All Population,Incidence,Angola,Both,60+ years,Alzheimer's disease and other dementias,Percent,2023,0.0015784786753023,0.0020037418066349,0.0011253066545658
All Population,Incidence,Madagascar,Male,60+ years,Alzheimer's disease and other dementias,Number,2023,2244.756882360744,2635.041172728551,1865.8878560026455
All Population,Incidence,Madagascar,Female,60+ years,Alzheimer's disease and other dementias,Number,2023,4055.289739466067,4736.982597713326,3440.4100854197336
All Population,Incidence,Madagascar,Both,60+ years,Alzheimer's disease and other dementias,Number,2023,6300.046621826814,7366.592382367258,5312.1081974379695
All Population,Incidence,Madagascar,Male,60+ years,Alzheimer's disease and other dementias,Percent,2023,0.0007233211064922,0.0009041863224265,0.0005777099077014
All Population,Incidence,Madagascar,Female,60+ years,Alzheimer's disease and other dementias,Percent,2023,0.0011214645336825,0.0013871119153628,0.0009031237138666
All Population,Incidence,Madagascar,Both,60+ years,Alzheimer's disease and other dementias,Percent,2023,0.0009375074657147,0.0011600888454841,0.0007503897310936
All Population,Incidence,Nicaragua,Male,60+ years,Alzheimer's disease and other dementias,Number,2023,1617.0825312667282,1875.1887814218344,1350.0314143680894
All Population,Incidence,Nicaragua,Female,60+ years,Alzheimer's disease and other dementias,Number,2023,2725.069798996505,3101.7531893647406,2290.905390452758
All Population,Incidence,Nicaragua,Both,60+ years,Alzheimer's disease and other dementias,Number,2023,4342.152330263236,4961.666931868203,3635.6719992497033
All Population,Incidence,Nicaragua,Male,60+ years,Alzheimer's disease and other dementias,Percent,2023,0.0012049772242987,0.0014825313425141,0.0009683385824069
All Population,Incidence,Nicaragua,Female,60+ years,Alzheimer's disease and other dementias,Percent,2023,0.0015264262646883,0.0018355085232938,0.0012503410681262
All Population,Incidence,Nicaragua,Both,60+ years,Alzheimer's disease and other dementias,Percent,2023,0.0013884016772368,0.0016884187526601,0.0011362158931796
All Population,Incidence,Ethiopia,Male,60+ years,Alzheimer's disease and other dementias,Number,2023,13501.3832295523,15431.53777209499,11380.39365453054
All Population,Incidence,Ethiopia,Female,60+ years,Alzheimer's disease and other dementias,Number,2023,19233.14332611764,22025.328903962825,16353.644620208996
All Population,Incidence,Ethiopia,Both,60+ years,Alzheimer's disease and other dementias,Number,2023,32734.526555669927,37602.715845261046,27711.726714281693
All Population,Incidence,Ethiopia,Male,60+ years,Alzheimer's disease and other dementias,Percent,2023,0.0011616059572887,0.0014133116851536,0.0009388452948342
All Population,Incidence,Ethiopia,Female,60+ years,Alzheimer's disease and other dementias,Percent,2023,0.0016108608297944,0.0019419517965483,0.0013182618514646
All Population,Incidence,Ethiopia,Both,60+ years,Alzheimer's disease and other dementias,Percent,2023,0.0013892129848764,0.0016832596594557,0.0011372016813508
All Population,Incidence,Bahrain,Male,60+ years,Alzheimer's disease and other dementias,Number,2023,263.7890177120517,317.32848827237325,216.6660596980883
All Population,Incidence,Bahrain,Female,60+ years,Alzheimer's disease and other dementias,Number,2023,297.03129715105166,347.96198999249475,253.0347575455868
All Population,Incidence,Bahrain,Both,60+ years,Alzheimer's disease and other dementias,Number,2023,560.8203148631035,664.5448685889373,473.8138071529696
All Population,Incidence,Bahrain,Male,60+ years,Alzheimer's disease and other dementias,Percent,2023,0.0009834800994597,0.0013385842024029,0.0006871423105483
All Population,Incidence,Bahrain,Female,60+ years,Alzheimer's disease and other dementias,Percent,2023,0.0014477294307794,0.0019619412291672,0.0010497038124448
All Population,Incidence,Bahrain,Both,60+ years,Alzheimer's disease and other dementias,Percent,2023,0.0011846392414203,0.0016108539417061,0.0008393832533466
All Population,Incidence,Rwanda,Male,60+ years,Alzheimer's disease and other dementias,Number,2023,1194.7160064544953,1421.72808320751,984.5536998306568
All Population,Incidence,Rwanda,Female,60+ years,Alzheimer's disease and other dementias,Number,2023,3387.366115686327,3868.563051441761,2856.1039738579498
All Population,Incidence,Rwanda,Both,60+ years,Alzheimer's disease and other dementias,Number,2023,4582.082122140826,5294.443185999158,3854.398136625093
All Population,Incidence,Rwanda,Male,60+ years,Alzheimer's disease and other dementias,Percent,2023,0.0008453355572294,0.0010401922311674,0.0006499710992119
All Population,Incidence,Rwanda,Female,60+ years,Alzheimer's disease and other dementias,Percent,2023,0.0014427673839792,0.0017324400150683,0.0011405590119403
All Population,Incidence,Rwanda,Both,60+ years,Alzheimer's disease and other dementias,Percent,2023,0.0012181334088018,0.0014737818837221,0.0009615118558427
All Population,Incidence,Liberia,Male,60+ years,Alzheimer's disease and other dementias,Number,2023,384.5474240363628,444.0827193616906,322.03818266677285
All Population,Incidence,Liberia,Female,60+ years,Alzheimer's disease and other dementias,Number,2023,669.4335977315856,776.8871426254008,567.1711287632947
All Population,Incidence,Liberia,Both,60+ years,Alzheimer's disease and other dementias,Number,2023,1053.9810217679487,1215.5819279043994,889.7948670617604
All Population,Incidence,Liberia,Male,60+ years,Alzheimer's disease and other dementias,Percent,2023,0.0006192192598784,0.0007380088769176,0.0004856837864045
All Population,Incidence,Liberia,Female,60+ years,Alzheimer's disease and other dementias,Percent,2023,0.0010495375475803,0.0012547429920704,0.0008362737610246
All Population,Incidence,Liberia,Both,60+ years,Alzheimer's disease and other dementias,Percent,2023,0.0008371466208966,0.000990384498548,0.0006733261049799
All Population,Incidence,Cambodia,Male,60+ years,Alzheimer's disease and other dementias,Number,2023,2519.2553270491617,2955.281669255616,2086.3888918633684
All Population,Incidence,Cambodia,Female,60+ years,Alzheimer's disease and other dementias,Number,2023,4958.742751917936,5776.27961716756,4092.865030347088
All Population,Incidence,Cambodia,Both,60+ years,Alzheimer's disease and other dementias,Number,2023,7477.998078967097,8744.919086784605,6179.253922210456
All Population,Incidence,Cambodia,Male,60+ years,Alzheimer's disease and other dementias,Percent,2023,0.0010148392269839,0.0012125529625607,0.0008398161155046
All Population,Incidence,Cambodia,Female,60+ years,Alzheimer's disease and other dementias,Percent,2023,0.0013160073099803,0.0015629520645217,0.0010692698084311
All Population,Incidence,Cambodia,Both,60+ years,Alzheimer's disease and other dementias,Percent,2023,0.0011963199318901,0.0014130042543872,0.0009766709688109
All Population,Incidence,Namibia,Male,60+ years,Alzheimer's disease and other dementias,Number,2023,318.95148501052216,372.7552139489796,263.66417898799267
All Population,Incidence,Namibia,Female,60+ years,Alzheimer's disease and other dementias,Number,2023,873.2290532837538,1000.2966379730464,739.3814991014223
All Population,Incidence,Namibia,Both,60+ years,Alzheimer's disease and other dementias,Number,2023,1192.1805382942753,1356.5058002686958,1001.1051689063156
All Population,Incidence,Namibia,Male,60+ years,Alzheimer's disease and other dementias,Percent,2023,0.0008459524981279,0.0010640655316261,0.0006490581387579
All Population,Incidence,Namibia,Female,60+ years,Alzheimer's disease and other dementias,Percent,2023,0.0016157864426763,0.0020455597654298,0.0012469853864983
All Population,Incidence,Namibia,Both,60+ years,Alzheimer's disease and other dementias,Percent,2023,0.001299331741979,0.0016403786284414,0.000991639018655
All Population,Incidence,Türkiye,Male,60+ years,Alzheimer's disease and other dementias,Number,2023,35823.86655957575,42030.91674041943,29450.28078840105
All Population,Incidence,Türkiye,Female,60+ years,Alzheimer's disease and other dementias,Number,2023,63573.26931405844,74027.93295345388,53961.749281469056
All Population,Incidence,Türkiye,Both,60+ years,Alzheimer's disease and other dementias,Number,2023,99397.13587363414,115321.98313128666,83498.43779995281
All Population,Incidence,Türkiye,Male,60+ years,Alzheimer's disease and other dementias,Percent,2023,0.0012601614198306,0.0016274613544524,0.000879212500369
All Population,Incidence,Türkiye,Female,60+ years,Alzheimer's disease and other dementias,Percent,2023,0.0017735123468207,0.0022560749987555,0.0012626322377007
All Population,Incidence,Türkiye,Both,60+ years,Alzheimer's disease and other dementias,Percent,2023,0.0015462486526772,0.001985205600116,0.0010984997635545
All Population,Incidence,United States Virgin Islands,Male,60+ years,Alzheimer's disease and other dementias,Number,2023,80.34995080827208,95.0782692633753,66.56654101059779
All Population,Incidence,United States Virgin Islands,Female,60+ years,Alzheimer's disease and other dementias,Number,2023,132.45445983293232,153.3207351948596,111.6588802981132
All Population,Incidence,United States Virgin Islands,Both,60+ years,Alzheimer's disease and other dementias,Number,2023,212.8044106412044,246.894941475542,177.7456700790929
All Population,Incidence,United States Virgin Islands,Male,60+ years,Alzheimer's disease and other dementias,Percent,2023,0.0016677948360381,0.0022080487960415,0.0013247149689483
All Population,Incidence,United States Virgin Islands,Female,60+ years,Alzheimer's disease and other dementias,Percent,2023,0.0022030165353002,0.0028086486181759,0.0017625658121211
All Population,Incidence,United States Virgin Islands,Both,60+ years,Alzheimer's disease and other dementias,Percent,2023,0.0019648318360977,0.0025278698896269,0.0015654217969862
All Population,Incidence,Suriname,Male,60+ years,Alzheimer's disease and other dementias,Number,2023,215.93081324118756,249.18635745693385,179.28663205534758
All Population,Incidence,Suriname,Female,60+ years,Alzheimer's disease and other dementias,Number,2023,360.8011494587199,417.5801365202774,305.79403979951405
All Population,Incidence,Suriname,Both,60+ years,Alzheimer's disease and other dementias,Number,2023,576.7319626999071,662.769507199002,483.4375612413416
All Population,Incidence,Suriname,Male,60+ years,Alzheimer's disease and other dementias,Percent,2023,0.0013278944534913,0.0017992002904497,0.0009427501668127
All Population,Incidence,Suriname,Female,60+ years,Alzheimer's disease and other dementias,Percent,2023,0.0017781190909157,0.0023396283116374,0.0012805951698547
All Population,Incidence,Suriname,Both,60+ years,Alzheimer's disease and other dementias,Percent,2023,0.0015777003512373,0.0020766516934422,0.0011349043686912
All Population,Incidence,Norway,Male,60+ years,Alzheimer's disease and other dementias,Number,2023,5956.161463508075,6881.78358264609,4890.431372871209
All Population,Incidence,Norway,Female,60+ years,Alzheimer's disease and other dementias,Number,2023,8840.809192223336,10149.52627690081,7406.112658991299
All Population,Incidence,Norway,Both,60+ years,Alzheimer's disease and other dementias,Number,2023,14796.9706557314,16993.703072854307,12311.062228279832
All Population,Incidence,Norway,Male,60+ years,Alzheimer's disease and other dementias,Percent,2023,0.0020518113595248,0.002451249081584,0.0016518792052341
All Population,Incidence,Norway,Female,60+ years,Alzheimer's disease and other dementias,Percent,2023,0.0025500864370352,0.0030473569244211,0.00207824483396
All Population,Incidence,Norway,Both,60+ years,Alzheimer's disease and other dementias,Percent,2023,0.0023229518128393,0.0027797738815329,0.0018763778420019
All Population,Incidence,Sweden,Male,60+ years,Alzheimer's disease and other dementias,Number,2023,10208.483116324154,11903.857436604449,8331.296304435895
All Population,Incidence,Sweden,Female,60+ years,Alzheimer's disease and other dementias,Number,2023,16265.905251248543,18766.432914045086,13724.78727708185
All Population,Incidence,Sweden,Both,60+ years,Alzheimer's disease and other dementias,Number,2023,26474.38836757269,30778.794802357217,22318.982246941305
All Population,Incidence,Sweden,Male,60+ years,Alzheimer's disease and other dementias,Percent,2023,0.0018586594927643,0.002318039321035,0.0014702082078038
All Population,Incidence,Sweden,Female,60+ years,Alzheimer's disease and other dementias,Percent,2023,0.0025481197017526,0.0031726357413929,0.0020948775472474
All Population,Incidence,Sweden,Both,60+ years,Alzheimer's disease and other dementias,Percent,2023,0.0022290669415997,0.0027718099851738,0.001814746920453
All Population,Incidence,Greenland,Male,60+ years,Alzheimer's disease and other dementias,Number,2023,26.178174672748035,30.94404578132061,20.77062410200216
All Population,Incidence,Greenland,Female,60+ years,Alzheimer's disease and other dementias,Number,2023,31.831175265480383,36.6537835751607,26.305408348408275
All Population,Incidence,Greenland,Both,60+ years,Alzheimer's disease and other dementias,Number,2023,58.0093499382284,67.13168106631844,47.54622186704087
All Population,Incidence,Greenland,Male,60+ years,Alzheimer's disease and other dementias,Percent,2023,0.000980886897997,0.001204396598739,0.0007413520483035
All Population,Incidence,Greenland,Female,60+ years,Alzheimer's disease and other dementias,Percent,2023,0.0014145684944506,0.0016844763312218,0.0011246940016951
All Population,Incidence,Greenland,Both,60+ years,Alzheimer's disease and other dementias,Percent,2023,0.0011790729535101,0.0014223324478316,0.0009212891029212
All Population,Incidence,Democratic Republic of the Congo,Male,60+ years,Alzheimer's disease and other dementias,Number,2023,8011.336010604203,9376.047641376788,6716.735479096659
All Population,Incidence,Democratic Republic of the Congo,Female,60+ years,Alzheimer's disease and other dementias,Number,2023,21765.66950615821,25177.10724421817,18464.808885282684
All Population,Incidence,Democratic Republic of the Congo,Both,60+ years,Alzheimer's disease and other dementias,Number,2023,29777.00551676241,34500.645862181045,25165.64220557656
All Population,Incidence,Democratic Republic of the Congo,Male,60+ years,Alzheimer's disease and other dementias,Percent,2023,0.0007801622077583,0.0010173950487608,0.0006005852739364
All Population,Incidence,Democratic Republic of the Congo,Female,60+ years,Alzheimer's disease and other dementias,Percent,2023,0.0016451778317474,0.002126296811204,0.001293408566765
All Population,Incidence,Democratic Republic of the Congo,Both,60+ years,Alzheimer's disease and other dementias,Percent,2023,0.001267064936833,0.001640674763469,0.0009936688696348
All Population,Incidence,Kenya,Male,60+ years,Alzheimer's disease and other dementias,Number,2023,5937.027468676487,6837.337915223116,4953.300289994288
All Population,Incidence,Kenya,Female,60+ years,Alzheimer's disease and other dementias,Number,2023,12472.608868444191,14280.134082089153,10545.44380443176
All Population,Incidence,Kenya,Both,60+ years,Alzheimer's disease and other dementias,Number,2023,18409.63633712068,21091.176119154235,15501.947288472673
All Population,Incidence,Kenya,Male,60+ years,Alzheimer's disease and other dementias,Percent,2023,0.0008312008519671,0.0010597923470085,0.000626481348287
All Population,Incidence,Kenya,Female,60+ years,Alzheimer's disease and other dementias,Percent,2023,0.0014326334974031,0.0018122596459758,0.0010989772205909
All Population,Incidence,Kenya,Both,60+ years,Alzheimer's disease and other dementias,Percent,2023,0.0011615811579627,0.001477727860923,0.000886721046386
All Population,Incidence,Bahamas,Male,60+ years,Alzheimer's disease and other dementias,Number,2023,122.22045645340184,141.73690575774947,103.23618447732656
All Population,Incidence,Bahamas,Female,60+ years,Alzheimer's disease and other dementias,Number,2023,205.06759386985095,235.38343202863624,172.52039871665124
All Population,Incidence,Bahamas,Both,60+ years,Alzheimer's disease and other dementias,Number,2023,327.28805032325283,377.9860010137337,275.36165535240707
All Population,Incidence,Bahamas,Male,60+ years,Alzheimer's disease and other dementias,Percent,2023,0.0012615720743242,0.0016128370234603,0.0009333650100927
All Population,Incidence,Bahamas,Female,60+ years,Alzheimer's disease and other dementias,Percent,2023,0.0016088529958056,0.0020086856800771,0.0012234907782281
All Population,Incidence,Bahamas,Both,60+ years,Alzheimer's disease and other dementias,Percent,2023,0.0014587774956262,0.0018263750526057,0.0010962606442193
All Population,Incidence,South Africa,Male,60+ years,Alzheimer's disease and other dementias,Number,2023,10311.7416392593,11991.367587696934,8614.768241904552
All Population,Incidence,South Africa,Female,60+ years,Alzheimer's disease and other dementias,Number,2023,27968.33964089157,32054.11167286047,23699.887470949987
All Population,Incidence,South Africa,Both,60+ years,Alzheimer's disease and other dementias,Number,2023,38280.08128015087,44054.883685908426,32262.58967846886
All Population,Incidence,South Africa,Male,60+ years,Alzheimer's disease and other dementias,Percent,2023,0.0007754594869962,0.000976397835316,0.0006002684523625
All Population,Incidence,South Africa,Female,60+ years,Alzheimer's disease and other dementias,Percent,2023,0.0013660751013088,0.0016880741590455,0.0010814146979358
All Population,Incidence,South Africa,Both,60+ years,Alzheimer's disease and other dementias,Percent,2023,0.0011334552425536,0.0014079190995905,0.0008926406399098
All Population,Incidence,Cyprus,Male,60+ years,Alzheimer's disease and other dementias,Number,2023,881.8940290268318,1039.8686527892248,716.7622036062652
All Population,Incidence,Cyprus,Female,60+ years,Alzheimer's disease and other dementias,Number,2023,1245.4714807112812,1454.7687242380648,1035.6883141307324
All Population,Incidence,Cyprus,Both,60+ years,Alzheimer's disease and other dementias,Number,2023,2127.3655097381115,2481.620506748427,1770.9248999413965
All Population,Incidence,Cyprus,Male,60+ years,Alzheimer's disease and other dementias,Percent,2023,0.0016950268946775,0.002027047478793,0.0012993193276858
All Population,Incidence,Cyprus,Female,60+ years,Alzheimer's disease and other dementias,Percent,2023,0.0021249169174873,0.00254390807022,0.0016896351916981
All Population,Incidence,Cyprus,Both,60+ years,Alzheimer's disease and other dementias,Percent,2023,0.0019225623738626,0.0022956036043964,0.0015127912201279
All Population,Incidence,Panama,Male,60+ years,Alzheimer's disease and other dementias,Number,2023,1936.9564142968331,2245.7345818502954,1650.7286551238806
All Population,Incidence,Panama,Female,60+ years,Alzheimer's disease and other dementias,Number,2023,2821.5588611008907,3208.410354088639,2411.9949155021905
All Population,Incidence,Panama,Both,60+ years,Alzheimer's disease and other dementias,Number,2023,4758.5152753977245,5438.071935852203,4061.771694315893
All Population,Incidence,Panama,Male,60+ years,Alzheimer's disease and other dementias,Percent,2023,0.0014360021961962,0.0017360716211464,0.0011791706133199
All Population,Incidence,Panama,Female,60+ years,Alzheimer's disease and other dementias,Percent,2023,0.0017851747176379,0.0021403400052438,0.0014793350082722
All Population,Incidence,Panama,Both,60+ years,Alzheimer's disease and other dementias,Percent,2023,0.0016242683203065,0.0019425842795426,0.0013397321071256
All Population,Incidence,American Samoa,Male,60+ years,Alzheimer's disease and other dementias,Number,2023,9.51893108472844,11.10001001072176,7.739578268006008
All Population,Incidence,American Samoa,Female,60+ years,Alzheimer's disease and other dementias,Number,2023,16.427787521343753,18.98537450901797,13.457970930563832
All Population,Incidence,American Samoa,Both,60+ years,Alzheimer's disease and other dementias,Number,2023,25.94671860607217,30.173134322957157,21.31123277026391
All Population,Incidence,American Samoa,Male,60+ years,Alzheimer's disease and other dementias,Percent,2023,0.0008850993633502,0.0010891679426466,0.0006976732018197
All Population,Incidence,American Samoa,Female,60+ years,Alzheimer's disease and other dementias,Percent,2023,0.0013422239209358,0.0016236549945071,0.0010682807303554
All Population,Incidence,American Samoa,Both,60+ years,Alzheimer's disease and other dementias,Percent,2023,0.0011282620999811,0.0013707309735538,0.0008940351202088
All Population,Incidence,Egypt,Male,60+ years,Alzheimer's disease and other dementias,Number,2023,21682.82750125177,25097.089048821195,18118.68217017582
All Population,Incidence,Egypt,Female,60+ years,Alzheimer's disease and other dementias,Number,2023,25892.21465224615,29825.07786116878,21681.343975325726
All Population,Incidence,Egypt,Both,60+ years,Alzheimer's disease and other dementias,Number,2023,47575.04215349789,54869.303787886085,40004.03522503516
All Population,Incidence,Egypt,Male,60+ years,Alzheimer's disease and other dementias,Percent,2023,0.0013839863656938,0.0018611423679822,0.0009315829192283
All Population,Incidence,Egypt,Female,60+ years,Alzheimer's disease and other dementias,Percent,2023,0.0016887986834966,0.0022215642829867,0.0011895692540202
All Population,Incidence,Egypt,Both,60+ years,Alzheimer's disease and other dementias,Percent,2023,0.0015344788604019,0.0020487647055013,0.0010522857570133
All Population,Incidence,Denmark,Male,60+ years,Alzheimer's disease and other dementias,Number,2023,4669.219259122347,5447.965522056617,3851.199196896562
All Population,Incidence,Denmark,Female,60+ years,Alzheimer's disease and other dementias,Number,2023,7045.292932565223,8100.691782400459,5873.360677025432
All Population,Incidence,Denmark,Both,60+ years,Alzheimer's disease and other dementias,Number,2023,11714.512191687569,13473.831390888829,9738.954776244364
All Population,Incidence,Denmark,Male,60+ years,Alzheimer's disease and other dementias,Percent,2023,0.0014312029687274,0.0016870107562213,0.0011591643739366
All Population,Incidence,Denmark,Female,60+ years,Alzheimer's disease and other dementias,Percent,2023,0.0017850319640384,0.0020825468849712,0.0014773280017193
All Population,Incidence,Denmark,Both,60+ years,Alzheimer's disease and other dementias,Percent,2023,0.001624738437687,0.0019084332253101,0.0013471982582022
All Population,Incidence,Indonesia,Male,60+ years,Alzheimer's disease and other dementias,Number,2023,47226.343640915926,55410.599458755976,39151.31621472488
All Population,Incidence,Indonesia,Female,60+ years,Alzheimer's disease and other dementias,Number,2023,73857.6771511387,85940.99715760317,61561.23447049627
All Population,Incidence,Indonesia,Both,60+ years,Alzheimer's disease and other dementias,Number,2023,121084.0207920546,141813.25523000973,100644.02486019491
All Population,Incidence,Indonesia,Male,60+ years,Alzheimer's disease and other dementias,Percent,2023,0.000706557246651,0.0009060426869365,0.0005042230594829
All Population,Incidence,Indonesia,Female,60+ years,Alzheimer's disease and other dementias,Percent,2023,0.0009431727494972,0.0011868823654049,0.0006991630745072
All Population,Incidence,Indonesia,Both,60+ years,Alzheimer's disease and other dementias,Percent,2023,0.0008341792432923,0.0010548968682498,0.0006087056684997
All Population,Incidence,Micronesia (Federated States of),Male,60+ years,Alzheimer's disease and other dementias,Number,2023,12.970893921090646,15.555447842719635,10.642633210305627
All Population,Incidence,Micronesia (Federated States of),Female,60+ years,Alzheimer's disease and other dementias,Number,2023,25.422160228521467,29.69429580138089,21.223339770059773
All Population,Incidence,Micronesia (Federated States of),Both,60+ years,Alzheimer's disease and other dementias,Number,2023,38.39305414961209,44.90694381272544,31.97332264010346
All Population,Incidence,Micronesia (Federated States of),Male,60+ years,Alzheimer's disease and other dementias,Percent,2023,0.0007055138756339,0.0008590611230731,0.0005610215548606
All Population,Incidence,Micronesia (Federated States of),Female,60+ years,Alzheimer's disease and other dementias,Percent,2023,0.0011811087938673,0.0014273498309809,0.0009516488619999
All Population,Incidence,Micronesia (Federated States of),Both,60+ years,Alzheimer's disease and other dementias,Percent,2023,0.000961890882369,0.0011648026804949,0.0007752330607264
All Population,Incidence,Finland,Male,60+ years,Alzheimer's disease and other dementias,Number,2023,6132.950995934766,7166.857239411234,4959.395038793393
All Population,Incidence,Finland,Female,60+ years,Alzheimer's disease and other dementias,Number,2023,10615.069815913885,12375.67565034291,8734.668682701118
All Population,Incidence,Finland,Both,60+ years,Alzheimer's disease and other dementias,Number,2023,16748.020811848655,19527.529300338232,13819.799573182376
All Population,Incidence,Finland,Male,60+ years,Alzheimer's disease and other dementias,Percent,2023,0.0018304974268802,0.00241632139195,0.0012759098885168
All Population,Incidence,Finland,Female,60+ years,Alzheimer's disease and other dementias,Percent,2023,0.0025977434224831,0.0034011490146052,0.001867724823022
All Population,Incidence,Finland,Both,60+ years,Alzheimer's disease and other dementias,Percent,2023,0.0022519539556379,0.0029522205850336,0.0015945881720355
All Population,Incidence,Brunei Darussalam,Male,60+ years,Alzheimer's disease and other dementias,Number,2023,112.43090466945644,131.03909971518837,93.77423247274012
All Population,Incidence,Brunei Darussalam,Female,60+ years,Alzheimer's disease and other dementias,Number,2023,170.17701172500642,195.13692599021945,142.44504155988838
All Population,Incidence,Brunei Darussalam,Both,60+ years,Alzheimer's disease and other dementias,Number,2023,282.60791639446285,327.68883851559644,236.0956355838672
All Population,Incidence,Brunei Darussalam,Male,60+ years,Alzheimer's disease and other dementias,Percent,2023,0.0012005329782601,0.0014686541113285,0.0009706995859024
All Population,Incidence,Brunei Darussalam,Female,60+ years,Alzheimer's disease and other dementias,Percent,2023,0.0016725686129283,0.0019918122135203,0.0013519871815476
All Population,Incidence,Brunei Darussalam,Both,60+ years,Alzheimer's disease and other dementias,Percent,2023,0.0014461931062413,0.0017384976159602,0.001168710829471
All Population,Incidence,Kyrgyzstan,Male,60+ years,Alzheimer's disease and other dementias,Number,2023,1086.8845366811674,1265.6430324746143,916.5510773119096
All Population,Incidence,Kyrgyzstan,Female,60+ years,Alzheimer's disease and other dementias,Number,2023,2044.4204961610608,2369.1922139177523,1740.1245458236117
All Population,Incidence,Kyrgyzstan,Both,60+ years,Alzheimer's disease and other dementias,Number,2023,3131.3050328422323,3598.83938267284,2669.4661924311467
All Population,Incidence,Kyrgyzstan,Male,60+ years,Alzheimer's disease and other dementias,Percent,2023,0.0013118480098013,0.0017708223168364,0.0008110780725114
All Population,Incidence,Kyrgyzstan,Female,60+ years,Alzheimer's disease and other dementias,Percent,2023,0.0017607388115195,0.002351772438359,0.001116575146486
All Population,Incidence,Kyrgyzstan,Both,60+ years,Alzheimer's disease and other dementias,Percent,2023,0.0015736326294452,0.0021021304577391,0.0009830812372374
All Population,Incidence,Monaco,Male,60+ years,Alzheimer's disease and other dementias,Number,2023,49.95904970289188,59.72073528211856,40.16790815322618
All Population,Incidence,Monaco,Female,60+ years,Alzheimer's disease and other dementias,Number,2023,81.16443241156223,94.31109223152254,66.00238767101092
All Population,Incidence,Monaco,Both,60+ years,Alzheimer's disease and other dementias,Number,2023,131.12348211445416,153.21192681256818,106.88761724801051
All Population,Incidence,Monaco,Male,60+ years,Alzheimer's disease and other dementias,Percent,2023,0.0018806575656412,0.0022917028295194,0.001444781404247
All Population,Incidence,Monaco,Female,60+ years,Alzheimer's disease and other dementias,Percent,2023,0.0027143089621628,0.0032380553259559,0.002178127276687
All Population,Incidence,Monaco,Both,60+ years,Alzheimer's disease and other dementias,Percent,2023,0.0023220380478039,0.0027729152985609,0.0018460867568657
All Population,Incidence,Portugal,Male,60+ years,Alzheimer's disease and other dementias,Number,2023,12646.032034155842,14837.803145115397,10298.936387674348
All Population,Incidence,Portugal,Female,60+ years,Alzheimer's disease and other dementias,Number,2023,18009.221887539978,21048.17248602442,15189.15407426489
All Population,Incidence,Portugal,Both,60+ years,Alzheimer's disease and other dementias,Number,2023,30655.253921695825,35932.1287080866,25649.663846652675
All Population,Incidence,Portugal,Male,60+ years,Alzheimer's disease and other dementias,Percent,2023,0.002223186902476,0.0026949288457404,0.0017943004377756
All Population,Incidence,Portugal,Female,60+ years,Alzheimer's disease and other dementias,Percent,2023,0.0023952017777746,0.0028845776811149,0.0019657684727948
All Population,Incidence,Portugal,Both,60+ years,Alzheimer's disease and other dementias,Percent,2023,0.0023209146742065,0.0027784722973245,0.0018746628489306
All Population,Incidence,Lebanon,Male,60+ years,Alzheimer's disease and other dementias,Number,2023,2833.129575305157,3302.899384930447,2326.455865512284
All Population,Incidence,Lebanon,Female,60+ years,Alzheimer's disease and other dementias,Number,2023,4258.660122527679,4920.916220232938,3636.9526384226815
All Population,Incidence,Lebanon,Both,60+ years,Alzheimer's disease and other dementias,Number,2023,7091.7896978328345,8166.295092950948,5987.881895671845
All Population,Incidence,Lebanon,Male,60+ years,Alzheimer's disease and other dementias,Percent,2023,0.0019574028889175,0.0028638190240482,0.0013218481778866
All Population,Incidence,Lebanon,Female,60+ years,Alzheimer's disease and other dementias,Percent,2023,0.0022436327220175,0.0031640927705262,0.0015686745340401
All Population,Incidence,Lebanon,Both,60+ years,Alzheimer's disease and other dementias,Percent,2023,0.0021195206022622,0.0030555140147358,0.0014852205259885
All Population,Incidence,Mali,Male,60+ years,Alzheimer's disease and other dementias,Number,2023,1941.1999537478,2259.445025333811,1614.4336144279343
All Population,Incidence,Mali,Female,60+ years,Alzheimer's disease and other dementias,Number,2023,2605.0367458862534,3013.327398966691,2179.857282285718
All Population,Incidence,Mali,Both,60+ years,Alzheimer's disease and other dementias,Number,2023,4546.236699634053,5262.45164889881,3806.856826555975
All Population,Incidence,Mali,Male,60+ years,Alzheimer's disease and other dementias,Percent,2023,0.0008259243238538,0.0010793206290377,0.000564804759155
All Population,Incidence,Mali,Female,60+ years,Alzheimer's disease and other dementias,Percent,2023,0.0011221470022454,0.0013982516161912,0.0007730833997168
All Population,Incidence,Mali,Both,60+ years,Alzheimer's disease and other dementias,Percent,2023,0.0009730195669833,0.001240363963422,0.0006669520795509
All Population,Incidence,Central African Republic,Male,60+ years,Alzheimer's disease and other dementias,Number,2023,508.9568210894798,586.7608664831031,427.1040175368008
All Population,Incidence,Central African Republic,Female,60+ years,Alzheimer's disease and other dementias,Number,2023,1395.263543984048,1609.920711215805,1170.6086269267232
All Population,Incidence,Central African Republic,Both,60+ years,Alzheimer's disease and other dementias,Number,2023,1904.2203650735296,2196.304168484328,1604.433116050609
All Population,Incidence,Central African Republic,Male,60+ years,Alzheimer's disease and other dementias,Percent,2023,0.0007127200213648,0.0009852324741918,0.0002949543929372
All Population,Incidence,Central African Republic,Female,60+ years,Alzheimer's disease and other dementias,Percent,2023,0.0015936694785602,0.0021324043274495,0.0006916176000586
All Population,Incidence,Central African Republic,Both,60+ years,Alzheimer's disease and other dementias,Percent,2023,0.0011977121072364,0.0016140845396092,0.0005090449727093
All Population,Incidence,Malawi,Male,60+ years,Alzheimer's disease and other dementias,Number,2023,1429.5986092495991,1683.6556035791748,1188.2969961008878
All Population,Incidence,Malawi,Female,60+ years,Alzheimer's disease and other dementias,Number,2023,3958.7201597152193,4613.91857507909,3353.7689005192938
All Population,Incidence,Malawi,Both,60+ years,Alzheimer's disease and other dementias,Number,2023,5388.318768964818,6247.431662376429,4533.856902358984
All Population,Incidence,Malawi,Male,60+ years,Alzheimer's disease and other dementias,Percent,2023,0.0008939172931714,0.0011935625505258,0.0004156330720745
All Population,Incidence,Malawi,Female,60+ years,Alzheimer's disease and other dementias,Percent,2023,0.0016064745704934,0.0020572413045162,0.0007632573462967
All Population,Incidence,Malawi,Both,60+ years,Alzheimer's disease and other dementias,Percent,2023,0.0013257679609031,0.0017168591470934,0.0006212941317575
All Population,Incidence,Nepal,Male,60+ years,Alzheimer's disease and other dementias,Number,2023,6370.998992537632,7548.149095776816,5328.697172019723
All Population,Incidence,Nepal,Female,60+ years,Alzheimer's disease and other dementias,Number,2023,8104.306605660521,9464.012269263032,6790.970203065644
All Population,Incidence,Nepal,Both,60+ years,Alzheimer's disease and other dementias,Number,2023,14475.305598198152,16920.609969128207,12089.448118355094
All Population,Incidence,Nepal,Male,60+ years,Alzheimer's disease and other dementias,Percent,2023,0.0011234473527317,0.0014171762739607,0.0008671874453145
All Population,Incidence,Nepal,Female,60+ years,Alzheimer's disease and other dementias,Percent,2023,0.0012352853013305,0.0015603367011188,0.0009484743413066
All Population,Incidence,Nepal,Both,60+ years,Alzheimer's disease and other dementias,Percent,2023,0.0011833544428905,0.0015051121481143,0.0009144893720656
All Population,Incidence,Iraq,Male,60+ years,Alzheimer's disease and other dementias,Number,2023,6560.697664137564,7687.810222685511,5190.523620757677
All Population,Incidence,Iraq,Female,60+ years,Alzheimer's disease and other dementias,Number,2023,10883.51594479042,12587.0498213952,9074.32178084767
All Population,Incidence,Iraq,Both,60+ years,Alzheimer's disease and other dementias,Number,2023,17444.21360892799,20225.2154276702,14398.325862362792
All Population,Incidence,Iraq,Male,60+ years,Alzheimer's disease and other dementias,Percent,2023,0.0011508514350792,0.0015593773311658,0.0005272047144818
All Population,Incidence,Iraq,Female,60+ years,Alzheimer's disease and other dementias,Percent,2023,0.001673487956748,0.0022239344799298,0.0008361744879666
All Population,Incidence,Iraq,Both,60+ years,Alzheimer's disease and other dementias,Percent,2023,0.0014292342680744,0.0018970663661217,0.0006865522243261
All Population,Incidence,Belarus,Male,60+ years,Alzheimer's disease and other dementias,Number,2023,3927.908900813499,4566.062708683645,3264.9698946171648
All Population,Incidence,Belarus,Female,60+ years,Alzheimer's disease and other dementias,Number,2023,11730.185044678306,13629.723574146206,9848.334835456611
All Population,Incidence,Belarus,Both,60+ years,Alzheimer's disease and other dementias,Number,2023,15658.093945491795,17997.18103372332,13132.558849674162
All Population,Incidence,Belarus,Male,60+ years,Alzheimer's disease and other dementias,Percent,2023,0.0008931665711749,0.0011150892268296,0.0007060873580813
All Population,Incidence,Belarus,Female,60+ years,Alzheimer's disease and other dementias,Percent,2023,0.0015217335999303,0.0018883529448645,0.0012138945591375
All Population,Incidence,Belarus,Both,60+ years,Alzheimer's disease and other dementias,Percent,2023,0.0012933694492588,0.0016091266848879,0.0010314219637849
All Population,Incidence,Spain,Male,60+ years,Alzheimer's disease and other dementias,Number,2023,36864.91461909688,42943.96085928523,30213.61254021442
All Population,Incidence,Spain,Female,60+ years,Alzheimer's disease and other dementias,Number,2023,71985.18004846008,83999.0810308917,59897.11446663748
All Population,Incidence,Spain,Both,60+ years,Alzheimer's disease and other dementias,Number,2023,108850.09466755688,126613.11917905293,90357.94833541964
All Population,Incidence,Spain,Male,60+ years,Alzheimer's disease and other dementias,Percent,2023,0.001526536550951,0.001842272680604,0.0012403130577285
All Population,Incidence,Spain,Female,60+ years,Alzheimer's disease and other dementias,Percent,2023,0.0023378931515313,0.0027789998368859,0.0018782642285793
All Population,Incidence,Spain,Both,60+ years,Alzheimer's disease and other dementias,Percent,2023,0.0019810818441362,0.0023543441265627,0.0015803772214489
All Population,Incidence,Myanmar,Male,60+ years,Alzheimer's disease and other dementias,Number,2023,8668.298213621878,10075.025341903776,7175.048459701141
All Population,Incidence,Myanmar,Female,60+ years,Alzheimer's disease and other dementias,Number,2023,17105.29138769379,19581.777620327222,14217.172044220417
All Population,Incidence,Myanmar,Both,60+ years,Alzheimer's disease and other dementias,Number,2023,25773.589601315656,29575.259630292487,21404.9973961351
All Population,Incidence,Myanmar,Male,60+ years,Alzheimer's disease and other dementias,Percent,2023,0.0010854132526276,0.001335137963648,0.0008436650507889
All Population,Incidence,Myanmar,Female,60+ years,Alzheimer's disease and other dementias,Percent,2023,0.0014963081197668,0.0018217154337893,0.0011937990604175
All Population,Incidence,Myanmar,Both,60+ years,Alzheimer's disease and other dementias,Percent,2023,0.0013271970566109,0.0016082078642832,0.0010580366885116
All Population,Incidence,Turkmenistan,Male,60+ years,Alzheimer's disease and other dementias,Number,2023,928.9047930945394,1079.6716375618555,782.5928793909604
All Population,Incidence,Turkmenistan,Female,60+ years,Alzheimer's disease and other dementias,Number,2023,1771.0290532859565,2015.469479085955,1499.336163115309
All Population,Incidence,Turkmenistan,Both,60+ years,Alzheimer's disease and other dementias,Number,2023,2699.933846380497,3092.6006020592854,2282.522025829237
All Population,Incidence,Turkmenistan,Male,60+ years,Alzheimer's disease and other dementias,Percent,2023,0.0012467357221362,0.0016031999413088,0.0009427718815877
All Population,Incidence,Turkmenistan,Female,60+ years,Alzheimer's disease and other dementias,Percent,2023,0.0016797874625599,0.0020835343613327,0.0012788691075288
All Population,Incidence,Turkmenistan,Both,60+ years,Alzheimer's disease and other dementias,Percent,2023,0.0015003258002225,0.0018962797125509,0.0011500197178726
All Population,Incidence,Tonga,Male,60+ years,Alzheimer's disease and other dementias,Number,2023,21.183463128175127,24.76764019754841,17.500928001452916
All Population,Incidence,Tonga,Female,60+ years,Alzheimer's disease and other dementias,Number,2023,39.04895599365346,45.29246176682608,32.30043024052176
All Population,Incidence,Tonga,Both,60+ years,Alzheimer's disease and other dementias,Number,2023,60.23241912182862,69.9026044103208,50.02297637247283
All Population,Incidence,Tonga,Male,60+ years,Alzheimer's disease and other dementias,Percent,2023,0.0012943635487302,0.0015783669488969,0.0010180034663631
All Population,Incidence,Tonga,Female,60+ years,Alzheimer's disease and other dementias,Percent,2023,0.0018733788437205,0.0022531343976529,0.0015085505916594
All Population,Incidence,Tonga,Both,60+ years,Alzheimer's disease and other dementias,Percent,2023,0.0016184785006684,0.0019574929574783,0.0012775862383095
All Population,Incidence,Eswatini,Male,60+ years,Alzheimer's disease and other dementias,Number,2023,140.7957941165126,165.3670213251507,116.03270404452182
All Population,Incidence,Eswatini,Female,60+ years,Alzheimer's disease and other dementias,Number,2023,409.8353749453542,474.606557440668,349.4874572893926
All Population,Incidence,Eswatini,Both,60+ years,Alzheimer's disease and other dementias,Number,2023,550.6311690618661,640.1226420231565,467.2770037658679
All Population,Incidence,Eswatini,Male,60+ years,Alzheimer's disease and other dementias,Percent,2023,0.0009582216900853,0.0011992460211782,0.0007724245222096
All Population,Incidence,Eswatini,Female,60+ years,Alzheimer's disease and other dementias,Percent,2023,0.0017745367573834,0.0022411853217281,0.0014551747234554
All Population,Incidence,Eswatini,Both,60+ years,Alzheimer's disease and other dementias,Percent,2023,0.0014569689420635,0.0018415516333123,0.0011946886978171
All Population,Incidence,Republic of Korea,Male,60+ years,Alzheimer's disease and other dementias,Number,2023,40810.68511950539,46747.15735986849,34126.70941129256
All Population,Incidence,Republic of Korea,Female,60+ years,Alzheimer's disease and other dementias,Number,2023,75861.01197700726,86069.19622937901,65186.36795894194
All Population,Incidence,Republic of Korea,Both,60+ years,Alzheimer's disease and other dementias,Number,2023,116671.69709651273,132462.45418627345,99357.21843821352
All Population,Incidence,Republic of Korea,Male,60+ years,Alzheimer's disease and other dementias,Percent,2023,0.0015893478479226,0.0019175949247169,0.0011796326554635
All Population,Incidence,Republic of Korea,Female,60+ years,Alzheimer's disease and other dementias,Percent,2023,0.0025549502751717,0.0030800324165299,0.0019110880766102
All Population,Incidence,Republic of Korea,Both,60+ years,Alzheimer's disease and other dementias,Percent,2023,0.002106997353198,0.0025454598083407,0.0015818541367538
All Population,Incidence,Congo,Male,60+ years,Alzheimer's disease and other dementias,Number,2023,637.7660368973379,716.3038256055154,560.8521815545407
All Population,Incidence,Congo,Female,60+ years,Alzheimer's disease and other dementias,Number,2023,1298.8673624997305,1434.2899236579192,1160.8764200578394
All Population,Incidence,Congo,Both,60+ years,Alzheimer's disease and other dementias,Number,2023,1936.6333993970684,2148.161481227844,1727.07173987967
All Population,Incidence,Congo,Male,60+ years,Alzheimer's disease and other dementias,Percent,2023,0.0011587998952895,0.0013926646666105,0.0009025911473242
All Population,Incidence,Congo,Female,60+ years,Alzheimer's disease and other dementias,Percent,2023,0.0018365161844785,0.0021625656193519,0.0014596956361591
All Population,Incidence,Congo,Both,60+ years,Alzheimer's disease and other dementias,Percent,2023,0.0015397226163182,0.0018195686398996,0.0012321774547386
All Population,Incidence,Togo,Male,60+ years,Alzheimer's disease and other dementias,Number,2023,565.0013853471024,662.9735191066433,470.0640421193344
All Population,Incidence,Togo,Female,60+ years,Alzheimer's disease and other dementias,Number,2023,1338.887174371497,1549.6603659060468,1116.8670586896328
All Population,Incidence,Togo,Both,60+ years,Alzheimer's disease and other dementias,Number,2023,1903.8885597185997,2216.185754717125,1582.2726495201046
All Population,Incidence,Togo,Male,60+ years,Alzheimer's disease and other dementias,Percent,2023,0.0006121493078835,0.0008026132392792,0.0004517066462607
All Population,Incidence,Togo,Female,60+ years,Alzheimer's disease and other dementias,Percent,2023,0.0009710506880092,0.0012406061499901,0.0007405133877171
All Population,Incidence,Togo,Both,60+ years,Alzheimer's disease and other dementias,Percent,2023,0.0008270087134792,0.0010596990743788,0.0006310076096424
All Population,Incidence,Mauritius,Male,60+ years,Alzheimer's disease and other dementias,Number,2023,391.97645526620994,461.03219341103295,321.5642030961561
All Population,Incidence,Mauritius,Female,60+ years,Alzheimer's disease and other dementias,Number,2023,759.0032501876044,881.7568765181481,637.2654658507137
All Population,Incidence,Mauritius,Both,60+ years,Alzheimer's disease and other dementias,Number,2023,1150.9797054538144,1341.681232717794,965.7876282249508
All Population,Incidence,Mauritius,Male,60+ years,Alzheimer's disease and other dementias,Percent,2023,0.0009513660321886,0.0011995272456141,0.0007448081233068
All Population,Incidence,Mauritius,Female,60+ years,Alzheimer's disease and other dementias,Percent,2023,0.001470458560238,0.0018073225048493,0.0011723329995314
All Population,Incidence,Mauritius,Both,60+ years,Alzheimer's disease and other dementias,Percent,2023,0.0012398887644325,0.0015365510591022,0.0009826267791966
All Population,Incidence,Greece,Male,60+ years,Alzheimer's disease and other dementias,Number,2023,16968.125531494938,19534.489591904166,14287.866948883586
All Population,Incidence,Greece,Female,60+ years,Alzheimer's disease and other dementias,Number,2023,25953.66571140671,29989.92988362112,22084.421800221327
All Population,Incidence,Greece,Both,60+ years,Alzheimer's disease and other dementias,Number,2023,42921.79124290164,49492.00807658718,36397.45048541264
All Population,Incidence,Greece,Male,60+ years,Alzheimer's disease and other dementias,Percent,2023,0.0030498871336853,0.0035852526362546,0.0024860786755749
All Population,Incidence,Greece,Female,60+ years,Alzheimer's disease and other dementias,Percent,2023,0.0038527611578103,0.0045355555531577,0.0032057387407302
All Population,Incidence,Greece,Both,60+ years,Alzheimer's disease and other dementias,Percent,2023,0.0034893034568997,0.0040704783075044,0.002868624271873
All Population,Incidence,Sudan,Male,60+ years,Alzheimer's disease and other dementias,Number,2023,7602.222378634688,8935.608401572139,6251.38416179994
All Population,Incidence,Sudan,Female,60+ years,Alzheimer's disease and other dementias,Number,2023,9717.25789332446,11199.999437545895,8147.522170404894
All Population,Incidence,Sudan,Both,60+ years,Alzheimer's disease and other dementias,Number,2023,17319.480271959157,20157.850235318663,14395.671258493174
All Population,Incidence,Sudan,Male,60+ years,Alzheimer's disease and other dementias,Percent,2023,0.0014603402200113,0.0020590229690838,0.0007453019978263
All Population,Incidence,Sudan,Female,60+ years,Alzheimer's disease and other dementias,Percent,2023,0.0018218551281458,0.0024509445946002,0.0010199363281975
All Population,Incidence,Sudan,Both,60+ years,Alzheimer's disease and other dementias,Percent,2023,0.0016423710864093,0.0022786642457099,0.000881440228743
All Population,Incidence,Zimbabwe,Male,60+ years,Alzheimer's disease and other dementias,Number,2023,1905.6689405926,2213.894881711102,1596.0891663736063
All Population,Incidence,Zimbabwe,Female,60+ years,Alzheimer's disease and other dementias,Number,2023,4820.286685596353,5578.16333143486,4114.760325265485
All Population,Incidence,Zimbabwe,Both,60+ years,Alzheimer's disease and other dementias,Number,2023,6725.955626188956,7783.164182031707,5716.095681976453
All Population,Incidence,Zimbabwe,Male,60+ years,Alzheimer's disease and other dementias,Percent,2023,0.001040988213855,0.0013161482569144,0.0008062786231149
All Population,Incidence,Zimbabwe,Female,60+ years,Alzheimer's disease and other dementias,Percent,2023,0.0016254915557031,0.0020383767547699,0.0012940607895805
All Population,Incidence,Zimbabwe,Both,60+ years,Alzheimer's disease and other dementias,Percent,2023,0.0014022724404128,0.0017551521822427,0.0011172931236935
All Population,Incidence,Albania,Male,60+ years,Alzheimer's disease and other dementias,Number,2023,1568.301608638801,1834.5269460532645,1272.5779996031397
All Population,Incidence,Albania,Female,60+ years,Alzheimer's disease and other dementias,Number,2023,2463.1808456673493,2869.681588336109,2055.2550727805847
All Population,Incidence,Albania,Both,60+ years,Alzheimer's disease and other dementias,Number,2023,4031.482454306152,4694.086722172407,3356.7715693578666
All Population,Incidence,Albania,Male,60+ years,Alzheimer's disease and other dementias,Percent,2023,0.0014009286331194,0.0018039126015465,0.0010027018523383
All Population,Incidence,Albania,Female,60+ years,Alzheimer's disease and other dementias,Percent,2023,0.0018461410018855,0.0023879585672605,0.0013625794633156
All Population,Incidence,Albania,Both,60+ years,Alzheimer's disease and other dementias,Percent,2023,0.0016428431818258,0.002105585331928,0.0011995842233935
All Population,Incidence,Kiribati,Male,60+ years,Alzheimer's disease and other dementias,Number,2023,12.698217273393144,14.767059861780345,10.577324676759437
All Population,Incidence,Kiribati,Female,60+ years,Alzheimer's disease and other dementias,Number,2023,31.317762811757976,36.168129750253975,26.151740966541556
All Population,Incidence,Kiribati,Both,60+ years,Alzheimer's disease and other dementias,Number,2023,44.01598008515109,50.94783537273885,36.81143412260739
All Population,Incidence,Kiribati,Male,60+ years,Alzheimer's disease and other dementias,Percent,2023,0.0008379570140389,0.0010305445263635,0.0006732968301165
All Population,Incidence,Kiribati,Female,60+ years,Alzheimer's disease and other dementias,Percent,2023,0.0013228127344278,0.0015956808207778,0.0010709514149488
All Population,Incidence,Kiribati,Both,60+ years,Alzheimer's disease and other dementias,Percent,2023,0.0011333983962481,0.0013731315035942,0.0009164289760628
All Population,Incidence,Belize,Male,60+ years,Alzheimer's disease and other dementias,Number,2023,104.40420598344842,122.57102638131296,87.1446916185616
All Population,Incidence,Belize,Female,60+ years,Alzheimer's disease and other dementias,Number,2023,131.6882255304621,151.96916154741294,111.57639835844104
All Population,Incidence,Belize,Both,60+ years,Alzheimer's disease and other dementias,Number,2023,236.09243151391044,275.0542682042376,200.31726074934343
All Population,Incidence,Belize,Male,60+ years,Alzheimer's disease and other dementias,Percent,2023,0.0013185733041964,0.0017384853561306,0.0009127923843216
All Population,Incidence,Belize,Female,60+ years,Alzheimer's disease and other dementias,Percent,2023,0.0016190025431957,0.0021059889353452,0.0011260513807317
All Population,Incidence,Belize,Both,60+ years,Alzheimer's disease and other dementias,Percent,2023,0.0014706986785332,0.0019219455208363,0.001028082951533
All Population,Incidence,Poland,Male,60+ years,Alzheimer's disease and other dementias,Number,2023,23584.743124439046,27334.806593093148,19276.89951165137
All Population,Incidence,Poland,Female,60+ years,Alzheimer's disease and other dementias,Number,2023,52868.60837305497,61193.23482820761,44767.08396439057
All Population,Incidence,Poland,Both,60+ years,Alzheimer's disease and other dementias,Number,2023,76453.35149749406,88619.90991669326,64063.41393859148
All Population,Incidence,Poland,Male,60+ years,Alzheimer's disease and other dementias,Percent,2023,0.0014207404913594,0.0019896541607112,0.0009541832925659
All Population,Incidence,Poland,Female,60+ years,Alzheimer's disease and other dementias,Percent,2023,0.002214951477509,0.0029920495322089,0.0015519968920784
All Population,Incidence,Poland,Both,60+ years,Alzheimer's disease and other dementias,Percent,2023,0.0018890686762502,0.0025917101204073,0.0013065866355064
All Population,Incidence,Mozambique,Male,60+ years,Alzheimer's disease and other dementias,Number,2023,2688.8428342873194,3128.840372914835,2224.082037006913
All Population,Incidence,Mozambique,Female,60+ years,Alzheimer's disease and other dementias,Number,2023,6730.025011838199,7772.354459738068,5715.944166411135
All Population,Incidence,Mozambique,Both,60+ years,Alzheimer's disease and other dementias,Number,2023,9418.86784612552,10908.446110368151,7971.064502802413
All Population,Incidence,Mozambique,Male,60+ years,Alzheimer's disease and other dementias,Percent,2023,0.0008716837147097,0.0011158481803989,0.000538902113858
All Population,Incidence,Mozambique,Female,60+ years,Alzheimer's disease and other dementias,Percent,2023,0.0016240184292155,0.0019770072250485,0.0010837692265783
All Population,Incidence,Mozambique,Both,60+ years,Alzheimer's disease and other dementias,Percent,2023,0.0013027606908183,0.0016082320963965,0.0008481845935987
All Population,Incidence,Papua New Guinea,Male,60+ years,Alzheimer's disease and other dementias,Number,2023,1171.968130546737,1381.650009265653,967.864834727614
All Population,Incidence,Papua New Guinea,Female,60+ years,Alzheimer's disease and other dementias,Number,2023,1287.4256695085703,1512.7552952249002,1053.2740889971828
All Population,Incidence,Papua New Guinea,Both,60+ years,Alzheimer's disease and other dementias,Number,2023,2459.3938000553067,2891.2958046749736,2029.9348671332048
All Population,Incidence,Papua New Guinea,Male,60+ years,Alzheimer's disease and other dementias,Percent,2023,0.0008900869462529,0.0010849517050491,0.0007112597891376
All Population,Incidence,Papua New Guinea,Female,60+ years,Alzheimer's disease and other dementias,Percent,2023,0.0010619265886826,0.0012963359746246,0.0008505298377103
All Population,Incidence,Papua New Guinea,Both,60+ years,Alzheimer's disease and other dementias,Percent,2023,0.0009723277098028,0.0011816471773978,0.0007788696697037
All Population,Incidence,Lao People's Democratic Republic,Male,60+ years,Alzheimer's disease and other dementias,Number,2023,1031.189540127614,1203.6369812878524,856.6991616335591
All Population,Incidence,Lao People's Democratic Republic,Female,60+ years,Alzheimer's disease and other dementias,Number,2023,1466.5330302962768,1698.2709880437778,1225.841402930189
All Population,Incidence,Lao People's Democratic Republic,Both,60+ years,Alzheimer's disease and other dementias,Number,2023,2497.7225704238917,2895.6978338112804,2103.1865822385494
All Population,Incidence,Lao People's Democratic Republic,Male,60+ years,Alzheimer's disease and other dementias,Percent,2023,0.0009525684322649,0.0011763550903959,0.0007719618941681
All Population,Incidence,Lao People's Democratic Republic,Female,60+ years,Alzheimer's disease and other dementias,Percent,2023,0.0011888330730953,0.0014405567715358,0.0009614253194755
All Population,Incidence,Lao People's Democratic Republic,Both,60+ years,Alzheimer's disease and other dementias,Percent,2023,0.001078287837065,0.0013078949041166,0.0008774274938162
All Population,Incidence,Brazil,Male,60+ years,Alzheimer's disease and other dementias,Number,2023,127312.80283119244,146080.84811624858,107834.12501995628
All Population,Incidence,Brazil,Female,60+ years,Alzheimer's disease and other dementias,Number,2023,203960.8480409627,230052.17788311167,175806.55169564893
All Population,Incidence,Brazil,Both,60+ years,Alzheimer's disease and other dementias,Number,2023,331273.6508721554,375949.5851570363,283389.2586935131
All Population,Incidence,Brazil,Male,60+ years,Alzheimer's disease and other dementias,Percent,2023,0.001504622823839,0.0018188124690237,0.0012386702815588
All Population,Incidence,Brazil,Female,60+ years,Alzheimer's disease and other dementias,Percent,2023,0.0018196392126288,0.0021913605048494,0.0015134523206313
All Population,Incidence,Brazil,Both,60+ years,Alzheimer's disease and other dementias,Percent,2023,0.001684107953754,0.002029210660347,0.001394125893231
All Population,Incidence,Trinidad and Tobago,Male,60+ years,Alzheimer's disease and other dementias,Number,2023,648.0393948544967,759.2940595011622,538.7433492019773
All Population,Incidence,Trinidad and Tobago,Female,60+ years,Alzheimer's disease and other dementias,Number,2023,1022.3539351876136,1208.1540616582024,851.2968409538
All Population,Incidence,Trinidad and Tobago,Both,60+ years,Alzheimer's disease and other dementias,Number,2023,1670.39333004211,1959.922243534481,1391.5894434351076
All Population,Incidence,Trinidad and Tobago,Male,60+ years,Alzheimer's disease and other dementias,Percent,2023,0.0012576979350102,0.0016273364958938,0.0009693541923552
All Population,Incidence,Trinidad and Tobago,Female,60+ years,Alzheimer's disease and other dementias,Percent,2023,0.0016948493810846,0.002171004525901,0.0013180142546885
All Population,Incidence,Trinidad and Tobago,Both,60+ years,Alzheimer's disease and other dementias,Percent,2023,0.001493369961922,0.0018936372555076,0.0011610044171158
All Population,Incidence,Benin,Male,60+ years,Alzheimer's disease and other dementias,Number,2023,955.2456471453838,1105.2757862308197,813.5062336254116
All Population,Incidence,Benin,Female,60+ years,Alzheimer's disease and other dementias,Number,2023,1990.6663642667904,2251.9999903131,1724.1257163495602
All Population,Incidence,Benin,Both,60+ years,Alzheimer's disease and other dementias,Number,2023,2945.9120114121747,3353.433472977615,2548.7107940934075
All Population,Incidence,Benin,Male,60+ years,Alzheimer's disease and other dementias,Percent,2023,0.0008108273983005,0.0010012588059395,0.0006784857757901
All Population,Incidence,Benin,Female,60+ years,Alzheimer's disease and other dementias,Percent,2023,0.0012894738953454,0.0015319570274257,0.001095746621299
All Population,Incidence,Benin,Both,60+ years,Alzheimer's disease and other dementias,Percent,2023,0.001082190811421,0.0012992651759054,0.0009173227470353
All Population,Incidence,Venezuela (Bolivarian Republic of),Male,60+ years,Alzheimer's disease and other dementias,Number,2023,11981.07857621045,13895.64378540459,9960.915630172549
All Population,Incidence,Venezuela (Bolivarian Republic of),Female,60+ years,Alzheimer's disease and other dementias,Number,2023,19109.823635977296,22205.627017984385,16170.554375909656
All Population,Incidence,Venezuela (Bolivarian Republic of),Both,60+ years,Alzheimer's disease and other dementias,Number,2023,31090.902212187742,36099.72406873713,25888.84164265297
All Population,Incidence,Venezuela (Bolivarian Republic of),Male,60+ years,Alzheimer's disease and other dementias,Percent,2023,0.0014546709905632,0.0018090422000474,0.0011213573823616
All Population,Incidence,Venezuela (Bolivarian Republic of),Female,60+ years,Alzheimer's disease and other dementias,Percent,2023,0.0018169840750991,0.0022426623809232,0.0014262102098265
All Population,Incidence,Venezuela (Bolivarian Republic of),Both,60+ years,Alzheimer's disease and other dementias,Percent,2023,0.0016576989399938,0.0020405013177224,0.0013011435902321
All Population,Incidence,Burundi,Male,60+ years,Alzheimer's disease and other dementias,Number,2023,1060.7972948425825,1231.0032903354825,891.1232897478378
All Population,Incidence,Burundi,Female,60+ years,Alzheimer's disease and other dementias,Number,2023,1837.4875321021605,2096.31617860682,1563.505018661206
All Population,Incidence,Burundi,Both,60+ years,Alzheimer's disease and other dementias,Number,2023,2898.2848269447427,3322.942729603029,2445.2744270966427
All Population,Incidence,Burundi,Male,60+ years,Alzheimer's disease and other dementias,Percent,2023,0.0007984333070627,0.0009782245024645,0.0006144937106122
All Population,Incidence,Burundi,Female,60+ years,Alzheimer's disease and other dementias,Percent,2023,0.0013364394863416,0.001620322531494,0.0010475484792196
All Population,Incidence,Burundi,Both,60+ years,Alzheimer's disease and other dementias,Percent,2023,0.0010719060214918,0.0013061574617948,0.0008275277348617
All Population,Incidence,Switzerland,Male,60+ years,Alzheimer's disease and other dementias,Number,2023,8561.456734198258,10085.314020988131,7100.576160461171
All Population,Incidence,Switzerland,Female,60+ years,Alzheimer's disease and other dementias,Number,2023,15515.179829410714,18098.32915466495,13154.284548687034
All Population,Incidence,Switzerland,Both,60+ years,Alzheimer's disease and other dementias,Number,2023,24076.636563608976,28023.84815930694,20372.82972277193
All Population,Incidence,Switzerland,Male,60+ years,Alzheimer's disease and other dementias,Percent,2023,0.001834820280536,0.0022194222834079,0.0014636920687879
All Population,Incidence,Switzerland,Female,60+ years,Alzheimer's disease and other dementias,Percent,2023,0.0026651356424645,0.0031772609527404,0.002199408334576
All Population,Incidence,Switzerland,Both,60+ years,Alzheimer's disease and other dementias,Percent,2023,0.0022954424931459,0.0027331666634043,0.0018852215770996
All Population,Incidence,Mauritania,Male,60+ years,Alzheimer's disease and other dementias,Number,2023,464.3748419456276,544.5549063159433,381.7881701958234
All Population,Incidence,Mauritania,Female,60+ years,Alzheimer's disease and other dementias,Number,2023,705.4532266517339,825.7817952732097,597.2865535322444
All Population,Incidence,Mauritania,Both,60+ years,Alzheimer's disease and other dementias,Number,2023,1169.8280685973623,1372.9859382138916,981.3554821562908
All Population,Incidence,Mauritania,Male,60+ years,Alzheimer's disease and other dementias,Percent,2023,0.0010289106118412,0.0013068650735014,0.000729459453248
All Population,Incidence,Mauritania,Female,60+ years,Alzheimer's disease and other dementias,Percent,2023,0.0012501052794,0.0015610578933437,0.000908156027711
All Population,Incidence,Mauritania,Both,60+ years,Alzheimer's disease and other dementias,Percent,2023,0.0011514815971728,0.0014480983175776,0.0008256278598325
All Population,Incidence,Dominica,Male,60+ years,Alzheimer's disease and other dementias,Number,2023,39.52752035400911,46.21350173759672,32.96042621514813
All Population,Incidence,Dominica,Female,60+ years,Alzheimer's disease and other dementias,Number,2023,62.71297237219842,72.12456423673889,53.74765187174889
All Population,Incidence,Dominica,Both,60+ years,Alzheimer's disease and other dementias,Number,2023,102.24049272620752,117.98609423995975,86.87575524873407
All Population,Incidence,Dominica,Male,60+ years,Alzheimer's disease and other dementias,Percent,2023,0.0015860687234119,0.0020264399598749,0.0012330162678186
All Population,Incidence,Dominica,Female,60+ years,Alzheimer's disease and other dementias,Percent,2023,0.0023130981133731,0.0029599920975409,0.0018063978732596
All Population,Incidence,Dominica,Both,60+ years,Alzheimer's disease and other dementias,Percent,2023,0.0019647222358594,0.00251319008335,0.0015280306261285
All Population,Incidence,Equatorial Guinea,Male,60+ years,Alzheimer's disease and other dementias,Number,2023,96.3457904790933,111.18637735469932,79.67550747136916
All Population,Incidence,Equatorial Guinea,Female,60+ years,Alzheimer's disease and other dementias,Number,2023,307.922551750492,352.36923064362963,259.9836316475213
All Population,Incidence,Equatorial Guinea,Both,60+ years,Alzheimer's disease and other dementias,Number,2023,404.2683422295854,460.0533817047259,340.25855182759733
All Population,Incidence,Equatorial Guinea,Male,60+ years,Alzheimer's disease and other dementias,Percent,2023,0.0012074894938533,0.0015516213458814,0.0009418371145375
All Population,Incidence,Equatorial Guinea,Female,60+ years,Alzheimer's disease and other dementias,Percent,2023,0.0021402490158607,0.0026942768898033,0.0017032666950547
All Population,Incidence,Equatorial Guinea,Both,60+ years,Alzheimer's disease and other dementias,Percent,2023,0.0018073751305508,0.0023075336526123,0.0014393999054718
All Population,Incidence,United Arab Emirates,Male,60+ years,Alzheimer's disease and other dementias,Number,2023,1299.0361636633238,1579.695338306421,1053.437202847051
All Population,Incidence,United Arab Emirates,Female,60+ years,Alzheimer's disease and other dementias,Number,2023,575.5307426322714,682.3789577373517,472.1303254499255
All Population,Incidence,United Arab Emirates,Both,60+ years,Alzheimer's disease and other dementias,Number,2023,1874.5669062955944,2252.4865127067724,1545.624295823447
All Population,Incidence,United Arab Emirates,Male,60+ years,Alzheimer's disease and other dementias,Percent,2023,0.0008030185420638,0.001141734943107,0.0005155948676247
All Population,Incidence,United Arab Emirates,Female,60+ years,Alzheimer's disease and other dementias,Percent,2023,0.0010016688151141,0.0013828535190394,0.000669811018239
All Population,Incidence,United Arab Emirates,Both,60+ years,Alzheimer's disease and other dementias,Percent,2023,0.0008549864588803,0.0012051677785334,0.0005532880705434
All Population,Incidence,Uzbekistan,Male,60+ years,Alzheimer's disease and other dementias,Number,2023,6175.489369271028,7116.007198132044,5155.65623620571
All Population,Incidence,Uzbekistan,Female,60+ years,Alzheimer's disease and other dementias,Number,2023,10083.010481848463,11461.00411845927,8578.030471631513
All Population,Incidence,Uzbekistan,Both,60+ years,Alzheimer's disease and other dementias,Number,2023,16258.4998511195,18485.91902025789,13745.710742823569
All Population,Incidence,Uzbekistan,Male,60+ years,Alzheimer's disease and other dementias,Percent,2023,0.0012819425267068,0.0015476665394782,0.0010569870157657
All Population,Incidence,Uzbekistan,Female,60+ years,Alzheimer's disease and other dementias,Percent,2023,0.0015847120519342,0.001903399260513,0.0013170883663257
All Population,Incidence,Uzbekistan,Both,60+ years,Alzheimer's disease and other dementias,Percent,2023,0.0014541597602022,0.0017452762308947,0.0012067577634814
All Population,Incidence,Argentina,Male,60+ years,Alzheimer's disease and other dementias,Number,2023,24375.9442410378,28302.53491699169,20667.64456915936
All Population,Incidence,Argentina,Female,60+ years,Alzheimer's disease and other dementias,Number,2023,48449.7928136108,54879.36772906025,41521.452702911214
All Population,Incidence,Argentina,Both,60+ years,Alzheimer's disease and other dementias,Number,2023,72825.73705464853,83505.26375563364,62451.8520553274
All Population,Incidence,Argentina,Male,60+ years,Alzheimer's disease and other dementias,Percent,2023,0.0016422745984095,0.0020359027889511,0.0012737012516364
All Population,Incidence,Argentina,Female,60+ years,Alzheimer's disease and other dementias,Percent,2023,0.0024137288891117,0.0029438624251743,0.001918931540946
All Population,Incidence,Argentina,Both,60+ years,Alzheimer's disease and other dementias,Percent,2023,0.002085626092512,0.002553974007568,0.001645472503698
All Population,Incidence,Dominican Republic,Male,60+ years,Alzheimer's disease and other dementias,Number,2023,3317.3702211512064,3813.115463470685,2757.2690886051414
All Population,Incidence,Dominican Republic,Female,60+ years,Alzheimer's disease and other dementias,Number,2023,5302.848208725007,6120.737165169343,4487.341306524008
All Population,Incidence,Dominican Republic,Both,60+ years,Alzheimer's disease and other dementias,Number,2023,8620.218429876206,9957.05375056481,7241.56234170978
All Population,Incidence,Dominican Republic,Male,60+ years,Alzheimer's disease and other dementias,Percent,2023,0.0013511250494571,0.0017636071978204,0.0010715754462167
All Population,Incidence,Dominican Republic,Female,60+ years,Alzheimer's disease and other dementias,Percent,2023,0.0017935906676835,0.0022808209174749,0.0014235836229255
All Population,Incidence,Dominican Republic,Both,60+ years,Alzheimer's disease and other dementias,Percent,2023,0.001592732168365,0.0020387338608916,0.0012712348299154
All Population,Incidence,Afghanistan,Male,60+ years,Alzheimer's disease and other dementias,Number,2023,3118.581767283795,3627.764527822302,2492.357847555387
All Population,Incidence,Afghanistan,Female,60+ years,Alzheimer's disease and other dementias,Number,2023,4276.956475124291,4995.751830337335,3517.066237773639
All Population,Incidence,Afghanistan,Both,60+ years,Alzheimer's disease and other dementias,Number,2023,7395.538242408085,8609.753725072835,6048.850547627949
All Population,Incidence,Afghanistan,Male,60+ years,Alzheimer's disease and other dementias,Percent,2023,0.0010373248725097,0.0014826401802434,0.000696267836741
All Population,Incidence,Afghanistan,Female,60+ years,Alzheimer's disease and other dementias,Percent,2023,0.0013011806541911,0.0018116800305813,0.0009221048358402
All Population,Incidence,Afghanistan,Both,60+ years,Alzheimer's disease and other dementias,Percent,2023,0.0011749433560848,0.0016485545258751,0.0008133189915291
All Population,Incidence,Cabo Verde,Male,60+ years,Alzheimer's disease and other dementias,Number,2023,78.0548544431846,90.433889048756,65.80012433808886
All Population,Incidence,Cabo Verde,Female,60+ years,Alzheimer's disease and other dementias,Number,2023,208.04052273258708,241.9399878140449,179.13290925334377
All Population,Incidence,Cabo Verde,Both,60+ years,Alzheimer's disease and other dementias,Number,2023,286.09537717577155,331.8047975908704,245.60526957048992
All Population,Incidence,Cabo Verde,Male,60+ years,Alzheimer's disease and other dementias,Percent,2023,0.0008194237037811,0.0011721157873875,0.0004886932654339
All Population,Incidence,Cabo Verde,Female,60+ years,Alzheimer's disease and other dementias,Percent,2023,0.0015585838422792,0.0022486385547672,0.000937524721107
All Population,Incidence,Cabo Verde,Both,60+ years,Alzheimer's disease and other dementias,Percent,2023,0.001250550698451,0.0017607507351828,0.0007565038502409
All Population,Incidence,Guam,Male,60+ years,Alzheimer's disease and other dementias,Number,2023,59.035093126593246,69.58178557036837,48.49272558407182
All Population,Incidence,Guam,Female,60+ years,Alzheimer's disease and other dementias,Number,2023,96.51856901335204,113.32628884179674,79.944959414867
All Population,Incidence,Guam,Both,60+ years,Alzheimer's disease and other dementias,Number,2023,155.55366213994515,182.12997493763095,129.01855222219274
All Population,Incidence,Guam,Male,60+ years,Alzheimer's disease and other dementias,Percent,2023,0.0010371737878432,0.001367030664642,0.0006944118020231
All Population,Incidence,Guam,Female,60+ years,Alzheimer's disease and other dementias,Percent,2023,0.0014939800145261,0.0019439833966812,0.0010483028609606
All Population,Incidence,Guam,Both,60+ years,Alzheimer's disease and other dementias,Percent,2023,0.0012798973373062,0.0016821077080225,0.000881268195755
All Population,Incidence,Seychelles,Male,60+ years,Alzheimer's disease and other dementias,Number,2023,23.83521127950561,27.93555105564399,19.62850234298776
All Population,Incidence,Seychelles,Female,60+ years,Alzheimer's disease and other dementias,Number,2023,48.71404140556421,56.78270774062115,41.23082818013311
All Population,Incidence,Seychelles,Both,60+ years,Alzheimer's disease and other dementias,Number,2023,72.54925268506986,84.60457934486722,60.688678439104166
All Population,Incidence,Seychelles,Male,60+ years,Alzheimer's disease and other dementias,Percent,2023,0.0008109986929666,0.0010044343955032,0.0006389595681703
All Population,Incidence,Seychelles,Female,60+ years,Alzheimer's disease and other dementias,Percent,2023,0.0015135068885047,0.0018617517825623,0.0012134630887779
All Population,Incidence,Seychelles,Both,60+ years,Alzheimer's disease and other dementias,Percent,2023,0.0011781244557208,0.0014666852547691,0.0009484951246704
All Population,Incidence,Jordan,Male,60+ years,Alzheimer's disease and other dementias,Number,2023,2933.0059406129094,3421.7262676906457,2470.262216628552
All Population,Incidence,Jordan,Female,60+ years,Alzheimer's disease and other dementias,Number,2023,3592.7016189746246,4135.498474610475,3004.558874384664
All Population,Incidence,Jordan,Both,60+ years,Alzheimer's disease and other dementias,Number,2023,6525.707559587522,7490.770951428982,5487.948145627784
All Population,Incidence,Jordan,Male,60+ years,Alzheimer's disease and other dementias,Percent,2023,0.0013827636389044,0.001894193957577,0.0009593665172369
All Population,Incidence,Jordan,Female,60+ years,Alzheimer's disease and other dementias,Percent,2023,0.001706206962822,0.0023207741493269,0.0012132020279012
All Population,Incidence,Jordan,Both,60+ years,Alzheimer's disease and other dementias,Percent,2023,0.0015438185311866,0.002107227680933,0.0010841729783005
All Population,Incidence,Nigeria,Male,60+ years,Alzheimer's disease and other dementias,Number,2023,15277.232476106758,17606.64066648956,12889.453138395966
All Population,Incidence,Nigeria,Female,60+ years,Alzheimer's disease and other dementias,Number,2023,25814.554372740124,29774.08233926056,21628.61806153919
All Population,Incidence,Nigeria,Both,60+ years,Alzheimer's disease and other dementias,Number,2023,41091.78684884689,47188.84301911623,34507.8913740417
All Population,Incidence,Nigeria,Male,60+ years,Alzheimer's disease and other dementias,Percent,2023,0.0008237424030807,0.0010441491860447,0.00057284449149
All Population,Incidence,Nigeria,Female,60+ years,Alzheimer's disease and other dementias,Percent,2023,0.0010099506582962,0.0012685627215893,0.0007394045733805
All Population,Incidence,Nigeria,Both,60+ years,Alzheimer's disease and other dementias,Percent,2023,0.0009315704408353,0.001170626871477,0.0006663476851371
All Population,Incidence,Bosnia and Herzegovina,Male,60+ years,Alzheimer's disease and other dementias,Number,2023,2031.7359158933623,2370.434069921924,1667.061223764969
All Population,Incidence,Bosnia and Herzegovina,Female,60+ years,Alzheimer's disease and other dementias,Number,2023,3786.058176379384,4409.026583929209,3150.152248634313
All Population,Incidence,Bosnia and Herzegovina,Both,60+ years,Alzheimer's disease and other dementias,Number,2023,5817.794092272753,6796.151470169115,4821.111383369611
All Population,Incidence,Bosnia and Herzegovina,Male,60+ years,Alzheimer's disease and other dementias,Percent,2023,0.0013968807510953,0.0019222136973241,0.0009424750601911
All Population,Incidence,Bosnia and Herzegovina,Female,60+ years,Alzheimer's disease and other dementias,Percent,2023,0.0019102691305691,0.0025778184539286,0.0013359710254001
All Population,Incidence,Bosnia and Herzegovina,Both,60+ years,Alzheimer's disease and other dementias,Percent,2023,0.001692878446888,0.0022909239398152,0.001172747506833
All Population,Incidence,Kuwait,Male,60+ years,Alzheimer's disease and other dementias,Number,2023,673.3497894048139,807.4247490199145,555.8126680115423
All Population,Incidence,Kuwait,Female,60+ years,Alzheimer's disease and other dementias,Number,2023,812.5693317537513,951.1865690677344,691.580055148278
All Population,Incidence,Kuwait,Both,60+ years,Alzheimer's disease and other dementias,Number,2023,1485.9191211585653,1737.5732168644051,1251.7467432729452
All Population,Incidence,Kuwait,Male,60+ years,Alzheimer's disease and other dementias,Percent,2023,0.0010732340682352,0.0013787815842452,0.0006985563274197
All Population,Incidence,Kuwait,Female,60+ years,Alzheimer's disease and other dementias,Percent,2023,0.0017188363538431,0.0021900977120048,0.001235787404515
All Population,Incidence,Kuwait,Both,60+ years,Alzheimer's disease and other dementias,Percent,2023,0.001350426828187,0.0017136955076778,0.0009368297398003
All Population,Incidence,Vanuatu,Male,60+ years,Alzheimer's disease and other dementias,Number,2023,47.33436502908847,55.0578454749969,38.88748506027798
All Population,Incidence,Vanuatu,Female,60+ years,Alzheimer's disease and other dementias,Number,2023,65.3638067216805,75.9442449878694,53.71186037012537
All Population,Incidence,Vanuatu,Both,60+ years,Alzheimer's disease and other dementias,Number,2023,112.698171750769,129.649609077386,92.92755422381748
All Population,Incidence,Vanuatu,Male,60+ years,Alzheimer's disease and other dementias,Percent,2023,0.0011439445265182,0.0014047330578651,0.0009136638539945
All Population,Incidence,Vanuatu,Female,60+ years,Alzheimer's disease and other dementias,Percent,2023,0.0013420870928563,0.0016376136650808,0.001070426449757
All Population,Incidence,Vanuatu,Both,60+ years,Alzheimer's disease and other dementias,Percent,2023,0.0012509356165081,0.0015274925574874,0.0009977918140327
All Population,Incidence,Philippines,Male,60+ years,Alzheimer's disease and other dementias,Number,2023,14267.366257758636,16732.768473035056,11868.865908521637
All Population,Incidence,Philippines,Female,60+ years,Alzheimer's disease and other dementias,Number,2023,27816.003920998854,31990.855390449644,23050.121762412942
All Population,Incidence,Philippines,Both,60+ years,Alzheimer's disease and other dementias,Number,2023,42083.37017875749,48953.21721504644,35159.38860401392
All Population,Incidence,Philippines,Male,60+ years,Alzheimer's disease and other dementias,Percent,2023,0.0007780053374669,0.0010069924941253,0.000617678594097
All Population,Incidence,Philippines,Female,60+ years,Alzheimer's disease and other dementias,Percent,2023,0.0012265228931086,0.001590475772254,0.0009693912899388
All Population,Incidence,Philippines,Both,60+ years,Alzheimer's disease and other dementias,Percent,2023,0.0010259707038911,0.001330437609303,0.0008126384887838
All Population,Incidence,Northern Mariana Islands,Male,60+ years,Alzheimer's disease and other dementias,Number,2023,8.767082478244872,10.5501063697133,7.091868317222486
All Population,Incidence,Northern Mariana Islands,Female,60+ years,Alzheimer's disease and other dementias,Number,2023,11.606344132383288,13.453767440517645,9.59568823057059
All Population,Incidence,Northern Mariana Islands,Both,60+ years,Alzheimer's disease and other dementias,Number,2023,20.37342661062816,23.854784625806207,16.771268705915453
All Population,Incidence,Northern Mariana Islands,Male,60+ years,Alzheimer's disease and other dementias,Percent,2023,0.0006122444728353,0.000752874576765,0.0004775331343181
All Population,Incidence,Northern Mariana Islands,Female,60+ years,Alzheimer's disease and other dementias,Percent,2023,0.0009274900344656,0.0011402140898333,0.000724438961671
All Population,Incidence,Northern Mariana Islands,Both,60+ years,Alzheimer's disease and other dementias,Percent,2023,0.0007591275315789,0.000935980638503,0.0005973473373765
All Population,Incidence,Gabon,Male,60+ years,Alzheimer's disease and other dementias,Number,2023,363.4291772342442,419.3073648438416,300.9340106149289
All Population,Incidence,Gabon,Female,60+ years,Alzheimer's disease and other dementias,Number,2023,728.518244568284,822.0256547077959,622.1589177391326
All Population,Incidence,Gabon,Both,60+ years,Alzheimer's disease and other dementias,Number,2023,1091.9474218025284,1240.390544541915,928.8837072413752
All Population,Incidence,Gabon,Male,60+ years,Alzheimer's disease and other dementias,Percent,2023,0.0011962575875059,0.0015433458110384,0.0009387989094398
All Population,Incidence,Gabon,Female,60+ years,Alzheimer's disease and other dementias,Percent,2023,0.002268058755748,0.0028219828294754,0.0017870785635437
All Population,Incidence,Gabon,Both,60+ years,Alzheimer's disease and other dementias,Percent,2023,0.0017469286712518,0.0021852484036239,0.001385109057676
All Population,Incidence,Yemen,Male,60+ years,Alzheimer's disease and other dementias,Number,2023,4431.788866931316,5205.686850920344,3622.297846981928
All Population,Incidence,Yemen,Female,60+ years,Alzheimer's disease and other dementias,Number,2023,6359.185103660989,7358.337913588621,5302.638670897191
All Population,Incidence,Yemen,Both,60+ years,Alzheimer's disease and other dementias,Number,2023,10790.973970592308,12509.988264105425,8929.154378784078
All Population,Incidence,Yemen,Male,60+ years,Alzheimer's disease and other dementias,Percent,2023,0.0011192774557096,0.0016510338946017,0.0006889262826405
All Population,Incidence,Yemen,Female,60+ years,Alzheimer's disease and other dementias,Percent,2023,0.0014813135389461,0.0021460572143891,0.0009200129981069
All Population,Incidence,Yemen,Both,60+ years,Alzheimer's disease and other dementias,Percent,2023,0.001307561023989,0.0019084493408399,0.0008115327853403
All Population,Incidence,Burkina Faso,Male,60+ years,Alzheimer's disease and other dementias,Number,2023,2033.888978825972,2359.0476432587657,1714.3507527462116
All Population,Incidence,Burkina Faso,Female,60+ years,Alzheimer's disease and other dementias,Number,2023,3625.6355049119616,4187.732647210423,3086.724412821165
All Population,Incidence,Burkina Faso,Both,60+ years,Alzheimer's disease and other dementias,Number,2023,5659.524483737935,6570.825167171233,4804.286185859371
All Population,Incidence,Burkina Faso,Male,60+ years,Alzheimer's disease and other dementias,Percent,2023,0.0007599648812264,0.0009413394676901,0.0006027475282016
All Population,Incidence,Burkina Faso,Female,60+ years,Alzheimer's disease and other dementias,Percent,2023,0.001157871482271,0.0014542000015696,0.0009240017159762
All Population,Incidence,Burkina Faso,Both,60+ years,Alzheimer's disease and other dementias,Percent,2023,0.000974457002727,0.0012241558861015,0.0007791760867533
All Population,Incidence,Japan,Male,60+ years,Alzheimer's disease and other dementias,Number,2023,189848.46873807465,221440.8502525829,160519.16872092255
All Population,Incidence,Japan,Female,60+ years,Alzheimer's disease and other dementias,Number,2023,392175.8041626698,451401.6606123092,340145.33511215966
All Population,Incidence,Japan,Both,60+ years,Alzheimer's disease and other dementias,Number,2023,582024.2729007445,674789.9136577138,501513.9973236867
All Population,Incidence,Japan,Male,60+ years,Alzheimer's disease and other dementias,Percent,2023,0.0021473914874554,0.0025486589842764,0.0017752799074788
All Population,Incidence,Japan,Female,60+ years,Alzheimer's disease and other dementias,Percent,2023,0.0036962925829457,0.0043867914875549,0.0031365445464388
All Population,Incidence,Japan,Both,60+ years,Alzheimer's disease and other dementias,Percent,2023,0.0029922346858674,0.00355649657286,0.0025219847995925
All Population,Incidence,Singapore,Male,60+ years,Alzheimer's disease and other dementias,Number,2023,3053.248491267884,3451.430490955291,2631.7120430356026
All Population,Incidence,Singapore,Female,60+ years,Alzheimer's disease and other dementias,Number,2023,5247.633626545059,5872.570414095341,4684.459842797892
All Population,Incidence,Singapore,Both,60+ years,Alzheimer's disease and other dementias,Number,2023,8300.882117812951,9234.614930272784,7390.2711635531505
All Population,Incidence,Singapore,Male,60+ years,Alzheimer's disease and other dementias,Percent,2023,0.0013220803306437,0.001586257086836,0.001104227980817
All Population,Incidence,Singapore,Female,60+ years,Alzheimer's disease and other dementias,Percent,2023,0.0022502310931004,0.0026661437791816,0.001907601878951
All Population,Incidence,Singapore,Both,60+ years,Alzheimer's disease and other dementias,Percent,2023,0.0017881969214461,0.0021376007477193,0.0015107795745514
All Population,Incidence,Nauru,Male,60+ years,Alzheimer's disease and other dementias,Number,2023,0.5624403684197621,0.6727250437487069,0.454259706361538
All Population,Incidence,Nauru,Female,60+ years,Alzheimer's disease and other dementias,Number,2023,1.2169400304491145,1.4534148869933723,0.9688378241740758
All Population,Incidence,Nauru,Both,60+ years,Alzheimer's disease and other dementias,Number,2023,1.7793803988688768,2.11086851334372,1.4238266879409796
All Population,Incidence,Nauru,Male,60+ years,Alzheimer's disease and other dementias,Percent,2023,0.000665463784082,0.0008345847602359,0.0005091172910161
All Population,Incidence,Nauru,Female,60+ years,Alzheimer's disease and other dementias,Percent,2023,0.0008977648314984,0.0010944862186627,0.0006836780014674
All Population,Incidence,Nauru,Both,60+ years,Alzheimer's disease and other dementias,Percent,2023,0.0008084493115965,0.0009887983617408,0.0006185944110759
All Population,Incidence,Iceland,Male,60+ years,Alzheimer's disease and other dementias,Number,2023,324.261305267054,378.1666191506884,265.245404367567
All Population,Incidence,Iceland,Female,60+ years,Alzheimer's disease and other dementias,Number,2023,424.60555764307793,487.5387681083018,351.01697205485607
All Population,Incidence,Iceland,Both,60+ years,Alzheimer's disease and other dementias,Number,2023,748.8668629101323,860.1009544544482,616.717535929432
All Population,Incidence,Iceland,Male,60+ years,Alzheimer's disease and other dementias,Percent,2023,0.0022733121100252,0.0028481236971688,0.0017083259280762
All Population,Incidence,Iceland,Female,60+ years,Alzheimer's disease and other dementias,Percent,2023,0.0026589753874846,0.0032620737370761,0.0020719981642062
All Population,Incidence,Iceland,Both,60+ years,Alzheimer's disease and other dementias,Percent,2023,0.0024767908581276,0.0030798745208954,0.0018981103908482
All Population,Incidence,Bolivia (Plurinational State of),Male,60+ years,Alzheimer's disease and other dementias,Number,2023,2045.7648554604327,2422.67901518518,1664.6689249184633
All Population,Incidence,Bolivia (Plurinational State of),Female,60+ years,Alzheimer's disease and other dementias,Number,2023,3629.580666943221,4224.92609607018,3116.05460008847
All Population,Incidence,Bolivia (Plurinational State of),Both,60+ years,Alzheimer's disease and other dementias,Number,2023,5675.345522403651,6592.676146793955,4784.264895375831
All Population,Incidence,Bolivia (Plurinational State of),Male,60+ years,Alzheimer's disease and other dementias,Percent,2023,0.0008096261570019,0.0011149524394405,0.0006032322014283
All Population,Incidence,Bolivia (Plurinational State of),Female,60+ years,Alzheimer's disease and other dementias,Percent,2023,0.0010893325106504,0.0014507280751265,0.0008365704843245
All Population,Incidence,Bolivia (Plurinational State of),Both,60+ years,Alzheimer's disease and other dementias,Percent,2023,0.0009686443875593,0.001310594853925,0.0007359178306486
All Population,Incidence,South Sudan,Male,60+ years,Alzheimer's disease and other dementias,Number,2023,922.294328135128,1067.7599888004336,767.2954661644962
All Population,Incidence,South Sudan,Female,60+ years,Alzheimer's disease and other dementias,Number,2023,1307.9197866213174,1531.126466400581,1095.5902366259393
All Population,Incidence,South Sudan,Both,60+ years,Alzheimer's disease and other dementias,Number,2023,2230.214114756444,2606.8773350975875,1868.5394445868087
All Population,Incidence,South Sudan,Male,60+ years,Alzheimer's disease and other dementias,Percent,2023,0.0008429821533087,0.0011379321303475,0.0005814132284428
All Population,Incidence,South Sudan,Female,60+ years,Alzheimer's disease and other dementias,Percent,2023,0.0012145724874407,0.001604507560832,0.0008831104703453
All Population,Incidence,South Sudan,Both,60+ years,Alzheimer's disease and other dementias,Percent,2023,0.0010270589313058,0.0013621118748085,0.0007207392689914
All Population,Incidence,Palestine,Male,60+ years,Alzheimer's disease and other dementias,Number,2023,805.1705086623716,945.2623905364316,667.3658655140591
All Population,Incidence,Palestine,Female,60+ years,Alzheimer's disease and other dementias,Number,2023,1267.006142707282,1461.7792778934586,1073.87393499443
All Population,Incidence,Palestine,Both,60+ years,Alzheimer's disease and other dementias,Number,2023,2072.176651369653,2394.553981255068,1745.830917500361
All Population,Incidence,Palestine,Male,60+ years,Alzheimer's disease and other dementias,Percent,2023,0.0011176134364244,0.0016233735184167,0.0006596727052462
All Population,Incidence,Palestine,Female,60+ years,Alzheimer's disease and other dementias,Percent,2023,0.00161695926355,0.002337454399276,0.0009671007747461
All Population,Incidence,Palestine,Both,60+ years,Alzheimer's disease and other dementias,Percent,2023,0.0013775406875274,0.0019842990279965,0.0008226933894532
All Population,Incidence,United Republic of Tanzania,Male,60+ years,Alzheimer's disease and other dementias,Number,2023,7129.544906225441,8166.513917412727,6080.710315907844
All Population,Incidence,United Republic of Tanzania,Female,60+ years,Alzheimer's disease and other dementias,Number,2023,14095.187160934354,15913.238502680508,12358.338589070405
All Population,Incidence,United Republic of Tanzania,Both,60+ years,Alzheimer's disease and other dementias,Number,2023,21224.732067159788,23936.45937694612,18430.438791999622
All Population,Incidence,United Republic of Tanzania,Male,60+ years,Alzheimer's disease and other dementias,Percent,2023,0.0010299135936042,0.00124897581153,0.0008169027195391
All Population,Incidence,United Republic of Tanzania,Female,60+ years,Alzheimer's disease and other dementias,Percent,2023,0.0016943690793695,0.0019741303538845,0.0013478853947016
All Population,Incidence,United Republic of Tanzania,Both,60+ years,Alzheimer's disease and other dementias,Percent,2023,0.0013925205133938,0.0016490133898997,0.0011103185601466
All Population,Incidence,Libya,Male,60+ years,Alzheimer's disease and other dementias,Number,2023,1941.8863536820188,2262.390823217427,1605.0271157643388
All Population,Incidence,Libya,Female,60+ years,Alzheimer's disease and other dementias,Number,2023,2348.9355609686786,2697.8173954646822,1977.960345212776
All Population,Incidence,Libya,Both,60+ years,Alzheimer's disease and other dementias,Number,2023,4290.821914650694,4959.47497664923,3610.954950232468
All Population,Incidence,Libya,Male,60+ years,Alzheimer's disease and other dementias,Percent,2023,0.0017866443441875,0.0023852469021223,0.0006370416893793
All Population,Incidence,Libya,Female,60+ years,Alzheimer's disease and other dementias,Percent,2023,0.0020180652089782,0.002652151910545,0.0007596329979688
All Population,Incidence,Libya,Both,60+ years,Alzheimer's disease and other dementias,Percent,2023,0.0019058562434726,0.0025231335021352,0.0007070621532432
All Population,Incidence,Chad,Male,60+ years,Alzheimer's disease and other dementias,Number,2023,1177.1679441230451,1380.9196215627128,981.6776357318254
All Population,Incidence,Chad,Female,60+ years,Alzheimer's disease and other dementias,Number,2023,1496.4671174777484,1719.5293431103146,1261.9181367238346
All Population,Incidence,Chad,Both,60+ years,Alzheimer's disease and other dementias,Number,2023,2673.6350616007912,3079.75160907754,2259.360628111532
All Population,Incidence,Chad,Male,60+ years,Alzheimer's disease and other dementias,Percent,2023,0.0006519500288358,0.0008250210947859,0.0005241993359751
All Population,Incidence,Chad,Female,60+ years,Alzheimer's disease and other dementias,Percent,2023,0.0009178118255182,0.0011292166343238,0.0007397487549544
All Population,Incidence,Chad,Both,60+ years,Alzheimer's disease and other dementias,Percent,2023,0.0007780282777717,0.000969230072984,0.0006318785741477
All Population,Incidence,Comoros,Male,60+ years,Alzheimer's disease and other dementias,Number,2023,192.8600607696375,228.06256711056864,164.44400411487806
All Population,Incidence,Comoros,Female,60+ years,Alzheimer's disease and other dementias,Number,2023,382.6665858752284,442.58531159770143,329.0328960415188
All Population,Incidence,Comoros,Both,60+ years,Alzheimer's disease and other dementias,Number,2023,575.526646644866,669.371462267022,495.6863918521203
All Population,Incidence,Comoros,Male,60+ years,Alzheimer's disease and other dementias,Percent,2023,0.0014398083432691,0.0017450678261604,0.0010955601112936
All Population,Incidence,Comoros,Female,60+ years,Alzheimer's disease and other dementias,Percent,2023,0.002096766788988,0.0025587520950648,0.0016079089279174
All Population,Incidence,Comoros,Both,60+ years,Alzheimer's disease and other dementias,Percent,2023,0.0018185725339373,0.0021946024298912,0.0013810475503368
All Population,Incidence,Samoa,Male,60+ years,Alzheimer's disease and other dementias,Number,2023,48.00706600066138,56.20059580748542,40.02268803297567
All Population,Incidence,Samoa,Female,60+ years,Alzheimer's disease and other dementias,Number,2023,73.10089965170972,84.41565651511948,60.89718768112705
All Population,Incidence,Samoa,Both,60+ years,Alzheimer's disease and other dementias,Number,2023,121.10796565237116,140.26414850296376,101.14285839577973
All Population,Incidence,Samoa,Male,60+ years,Alzheimer's disease and other dementias,Percent,2023,0.0013567749661804,0.0016563027897213,0.0011020749360315
All Population,Incidence,Samoa,Female,60+ years,Alzheimer's disease and other dementias,Percent,2023,0.0017801032425049,0.0021391810685045,0.0014468455788223
All Population,Incidence,Samoa,Both,60+ years,Alzheimer's disease and other dementias,Percent,2023,0.0015840291004996,0.0019141725324396,0.0012769711919705
All Population,Incidence,Bangladesh,Male,60+ years,Alzheimer's disease and other dementias,Number,2023,32127.48204802088,37118.27914904292,26492.830807531816
All Population,Incidence,Bangladesh,Female,60+ years,Alzheimer's disease and other dementias,Number,2023,30052.50367133235,35436.037130552584,24718.437174814277
All Population,Incidence,Bangladesh,Both,60+ years,Alzheimer's disease and other dementias,Number,2023,62179.985719353215,72155.89505499817,51223.39536604715
All Population,Incidence,Bangladesh,Male,60+ years,Alzheimer's disease and other dementias,Percent,2023,0.0009867621807559,0.0011954387017069,0.0008019412715705
All Population,Incidence,Bangladesh,Female,60+ years,Alzheimer's disease and other dementias,Percent,2023,0.0010431529340666,0.0012712194756873,0.0008295287323408
All Population,Incidence,Bangladesh,Both,60+ years,Alzheimer's disease and other dementias,Percent,2023,0.0010131307493315,0.0012304406859326,0.0008149425076589
All Population,Incidence,Slovakia,Male,60+ years,Alzheimer's disease and other dementias,Number,2023,2817.801930599854,3290.555923969464,2289.168604520187
All Population,Incidence,Slovakia,Female,60+ years,Alzheimer's disease and other dementias,Number,2023,6202.513122323269,7237.679669067847,5218.278346247108
All Population,Incidence,Slovakia,Both,60+ years,Alzheimer's disease and other dementias,Number,2023,9020.315052923122,10454.69141428852,7550.98607153957
All Population,Incidence,Slovakia,Male,60+ years,Alzheimer's disease and other dementias,Percent,2023,0.0013825955409155,0.0018062454951071,0.0009678753281935
All Population,Incidence,Slovakia,Female,60+ years,Alzheimer's disease and other dementias,Percent,2023,0.0020955389380602,0.0026391360200917,0.0015305512982603
All Population,Incidence,Slovakia,Both,60+ years,Alzheimer's disease and other dementias,Percent,2023,0.0018046162593302,0.0022891063434494,0.0012943071200005
All Population,Incidence,Malaysia,Male,60+ years,Alzheimer's disease and other dementias,Number,2023,7963.394947588144,9281.080741085772,6629.7391596323
All Population,Incidence,Malaysia,Female,60+ years,Alzheimer's disease and other dementias,Number,2023,11475.63357309528,13315.144586511577,9483.639333879755
All Population,Incidence,Malaysia,Both,60+ years,Alzheimer's disease and other dementias,Number,2023,19439.02852068341,22615.760250854804,16178.27025067059
All Population,Incidence,Malaysia,Male,60+ years,Alzheimer's disease and other dementias,Percent,2023,0.0010840246102527,0.0013524534819013,0.0008713712552901
All Population,Incidence,Malaysia,Female,60+ years,Alzheimer's disease and other dementias,Percent,2023,0.0014174570554937,0.0017030208192759,0.0011415735214772
All Population,Incidence,Malaysia,Both,60+ years,Alzheimer's disease and other dementias,Percent,2023,0.0012586859012237,0.001534696403939,0.0010154093319363
All Population,Incidence,Somalia,Male,60+ years,Alzheimer's disease and other dementias,Number,2023,1955.4256505465385,2291.636557379731,1624.0711822509516
All Population,Incidence,Somalia,Female,60+ years,Alzheimer's disease and other dementias,Number,2023,4414.397823837746,5051.3386059685945,3738.452516211296
All Population,Incidence,Somalia,Both,60+ years,Alzheimer's disease and other dementias,Number,2023,6369.823474384283,7338.650034353068,5370.461411711187
All Population,Incidence,Somalia,Male,60+ years,Alzheimer's disease and other dementias,Percent,2023,0.0009753550078842,0.0012928539043628,0.0007128185002234
All Population,Incidence,Somalia,Female,60+ years,Alzheimer's disease and other dementias,Percent,2023,0.0015775409564082,0.0020295669381749,0.001171215743188
All Population,Incidence,Somalia,Both,60+ years,Alzheimer's disease and other dementias,Percent,2023,0.0013260305113779,0.0017210339628301,0.000978204329785
All Population,Incidence,Sao Tome and Principe,Male,60+ years,Alzheimer's disease and other dementias,Number,2023,20.13814326502828,23.37248347704744,17.081467261899835
All Population,Incidence,Sao Tome and Principe,Female,60+ years,Alzheimer's disease and other dementias,Number,2023,41.65201168672815,48.41659214710452,35.367234112088035
All Population,Incidence,Sao Tome and Principe,Both,60+ years,Alzheimer's disease and other dementias,Number,2023,61.79015495175648,71.46754899754268,52.52783908197978
All Population,Incidence,Sao Tome and Principe,Male,60+ years,Alzheimer's disease and other dementias,Percent,2023,0.0007295987121263,0.0008990237489285,0.0005679588000877
All Population,Incidence,Sao Tome and Principe,Female,60+ years,Alzheimer's disease and other dementias,Percent,2023,0.0012596965558596,0.0015489063971084,0.0010061561550897
All Population,Incidence,Sao Tome and Principe,Both,60+ years,Alzheimer's disease and other dementias,Percent,2023,0.0010184083430848,0.00126122407619,0.0008076385455605
All Population,Incidence,Sri Lanka,Male,60+ years,Alzheimer's disease and other dementias,Number,2023,6307.735537614613,7361.026550752684,5217.164967203955
All Population,Incidence,Sri Lanka,Female,60+ years,Alzheimer's disease and other dementias,Number,2023,10078.247049780302,11737.963380399762,8285.931711016518
All Population,Incidence,Sri Lanka,Both,60+ years,Alzheimer's disease and other dementias,Number,2023,16385.982587394912,19084.80606581683,13522.777497828984
All Population,Incidence,Sri Lanka,Male,60+ years,Alzheimer's disease and other dementias,Percent,2023,0.0009560844553105,0.001178644487446,0.0007601295993956
All Population,Incidence,Sri Lanka,Female,60+ years,Alzheimer's disease and other dementias,Percent,2023,0.0011736961920615,0.0014545463294616,0.0009224980674493
All Population,Incidence,Sri Lanka,Both,60+ years,Alzheimer's disease and other dementias,Percent,2023,0.0010790187875968,0.001346014326345,0.0008576422428023
All Population,Incidence,France,Male,60+ years,Alzheimer's disease and other dementias,Number,2023,57789.73267846916,65526.05675929963,49134.65125032008
All Population,Incidence,France,Female,60+ years,Alzheimer's disease and other dementias,Number,2023,97501.36777972493,110383.02960783856,85485.11201334152
All Population,Incidence,France,Both,60+ years,Alzheimer's disease and other dementias,Number,2023,155291.1004581942,175603.00253368638,136024.08043381252
All Population,Incidence,France,Male,60+ years,Alzheimer's disease and other dementias,Percent,2023,0.0016189664516058,0.0019062578503849,0.0013583611196306
All Population,Incidence,France,Female,60+ years,Alzheimer's disease and other dementias,Percent,2023,0.0021317107169541,0.0024647697742953,0.0018037535773126
All Population,Incidence,France,Both,60+ years,Alzheimer's disease and other dementias,Percent,2023,0.0019068178989708,0.002229204662339,0.001593024232407
All Population,Incidence,Cameroon,Male,60+ years,Alzheimer's disease and other dementias,Number,2023,2121.284514257087,2482.0248150267757,1769.4380239931284
All Population,Incidence,Cameroon,Female,60+ years,Alzheimer's disease and other dementias,Number,2023,3330.959059561851,3833.92568365784,2791.5310170606945
All Population,Incidence,Cameroon,Both,60+ years,Alzheimer's disease and other dementias,Number,2023,5452.243573818936,6311.274641758859,4547.582930990745
All Population,Incidence,Cameroon,Male,60+ years,Alzheimer's disease and other dementias,Percent,2023,0.0006533596371064,0.0008288256961324,0.0004725797835921
All Population,Incidence,Cameroon,Female,60+ years,Alzheimer's disease and other dementias,Percent,2023,0.0008625265695355,0.0010791508616064,0.0006481927525214
All Population,Incidence,Cameroon,Both,60+ years,Alzheimer's disease and other dementias,Percent,2023,0.0007668821022413,0.0009655239545959,0.0005647604293477
All Population,Incidence,Palau,Male,60+ years,Alzheimer's disease and other dementias,Number,2023,4.876669399273662,5.82807682427767,4.003414933838169
All Population,Incidence,Palau,Female,60+ years,Alzheimer's disease and other dementias,Number,2023,6.656260678722566,7.786756684963318,5.293509463439939
All Population,Incidence,Palau,Both,60+ years,Alzheimer's disease and other dementias,Number,2023,11.532930077996218,13.493125448421129,9.33063743654422
All Population,Incidence,Palau,Male,60+ years,Alzheimer's disease and other dementias,Percent,2023,0.0007845414409879,0.0009604204554541,0.0006201882743103
All Population,Incidence,Palau,Female,60+ years,Alzheimer's disease and other dementias,Percent,2023,0.0010483041523089,0.0012970774589555,0.0008208690650117
All Population,Incidence,Palau,Both,60+ years,Alzheimer's disease and other dementias,Percent,2023,0.000917720828485,0.0011255613021442,0.0007142653224203
All Population,Incidence,Marshall Islands,Male,60+ years,Alzheimer's disease and other dementias,Number,2023,4.105008828961014,4.889842465620063,3.284112438375206
All Population,Incidence,Marshall Islands,Female,60+ years,Alzheimer's disease and other dementias,Number,2023,5.901580775535349,6.952315915161407,4.771402402807644
All Population,Incidence,Marshall Islands,Both,60+ years,Alzheimer's disease and other dementias,Number,2023,10.00658960449636,11.822127003516114,8.046664705809867
All Population,Incidence,Marshall Islands,Male,60+ years,Alzheimer's disease and other dementias,Percent,2023,0.0007734499140333,0.0009515479520072,0.0006018828353836
All Population,Incidence,Marshall Islands,Female,60+ years,Alzheimer's disease and other dementias,Percent,2023,0.0010670741301964,0.0013042176488858,0.0008383352230052
All Population,Incidence,Marshall Islands,Both,60+ years,Alzheimer's disease and other dementias,Percent,2023,0.0009231663510556,0.0011229254547456,0.0007195449081802
All Population,Incidence,Cuba,Male,60+ years,Alzheimer's disease and other dementias,Number,2023,7535.290363527589,8624.334409713123,6462.109839271161
All Population,Incidence,Cuba,Female,60+ years,Alzheimer's disease and other dementias,Number,2023,11214.15917837365,12891.324615792291,9633.728715551597
All Population,Incidence,Cuba,Both,60+ years,Alzheimer's disease and other dementias,Number,2023,18749.44954190123,21693.912102125083,16037.28065257529
All Population,Incidence,Cuba,Male,60+ years,Alzheimer's disease and other dementias,Percent,2023,0.0015794883559286,0.0018727098576572,0.001323969341354
All Population,Incidence,Cuba,Female,60+ years,Alzheimer's disease and other dementias,Percent,2023,0.0018500676356119,0.0021707353473489,0.0015805517719772
All Population,Incidence,Cuba,Both,60+ years,Alzheimer's disease and other dementias,Percent,2023,0.0017307549815381,0.0020148390812444,0.0014725454713162
All Population,Incidence,Mongolia,Male,60+ years,Alzheimer's disease and other dementias,Number,2023,500.4954829978567,585.6317880025758,420.7175107847264
All Population,Incidence,Mongolia,Female,60+ years,Alzheimer's disease and other dementias,Number,2023,987.5918716655548,1140.0158271573362,832.6592207088512
All Population,Incidence,Mongolia,Both,60+ years,Alzheimer's disease and other dementias,Number,2023,1488.087354663411,1717.5304886194417,1254.9151868219517
All Population,Incidence,Mongolia,Male,60+ years,Alzheimer's disease and other dementias,Percent,2023,0.0013287989784193,0.0018746651478273,0.0005823112112498
All Population,Incidence,Mongolia,Female,60+ years,Alzheimer's disease and other dementias,Percent,2023,0.0017226403094435,0.0023487621256612,0.0007841095141986
All Population,Incidence,Mongolia,Both,60+ years,Alzheimer's disease and other dementias,Percent,2023,0.0015662875795319,0.0021602061722947,0.0007076308288616
All Population,Incidence,Niger,Male,60+ years,Alzheimer's disease and other dementias,Number,2023,1430.4888864927475,1670.463772727043,1171.0678390733092
All Population,Incidence,Niger,Female,60+ years,Alzheimer's disease and other dementias,Number,2023,2172.671744463018,2540.3818844179887,1827.136455610595
All Population,Incidence,Niger,Both,60+ years,Alzheimer's disease and other dementias,Number,2023,3603.1606309557674,4186.80589560221,2989.128407560564
All Population,Incidence,Niger,Male,60+ years,Alzheimer's disease and other dementias,Percent,2023,0.0005751844475449,0.0007352866650082,0.0004315465544214
All Population,Incidence,Niger,Female,60+ years,Alzheimer's disease and other dementias,Percent,2023,0.0008860831468941,0.0011305606036924,0.0006683169869017
All Population,Incidence,Niger,Both,60+ years,Alzheimer's disease and other dementias,Percent,2023,0.0007294806118079,0.0009297128113332,0.0005520458626171
All Population,Incidence,Paraguay,Male,60+ years,Alzheimer's disease and other dementias,Number,2023,2183.804458873474,2542.256324819733,1819.394625006757
All Population,Incidence,Paraguay,Female,60+ years,Alzheimer's disease and other dementias,Number,2023,3464.533780577905,3962.268971730172,2937.924954167746
All Population,Incidence,Paraguay,Both,60+ years,Alzheimer's disease and other dementias,Number,2023,5648.338239451372,6508.723116191491,4769.7578669394825
All Population,Incidence,Paraguay,Male,60+ years,Alzheimer's disease and other dementias,Percent,2023,0.0009493468579994,0.0013581444000163,0.0006156648070686
All Population,Incidence,Paraguay,Female,60+ years,Alzheimer's disease and other dementias,Percent,2023,0.001253152130313,0.001752493662888,0.000837223787325
All Population,Incidence,Paraguay,Both,60+ years,Alzheimer's disease and other dementias,Percent,2023,0.0011150586321715,0.0015692639868483,0.0007326702576361
All Population,Incidence,Morocco,Male,60+ years,Alzheimer's disease and other dementias,Number,2023,14136.895356103098,16482.083133600143,11487.321558130996
All Population,Incidence,Morocco,Female,60+ years,Alzheimer's disease and other dementias,Number,2023,17676.75006432787,20580.331846077424,14820.765025765715
All Population,Incidence,Morocco,Both,60+ years,Alzheimer's disease and other dementias,Number,2023,31813.645420430952,36952.46871054238,26400.28321807528
All Population,Incidence,Morocco,Male,60+ years,Alzheimer's disease and other dementias,Percent,2023,0.001476602399871,0.001999773005456,0.0010519943368204
All Population,Incidence,Morocco,Female,60+ years,Alzheimer's disease and other dementias,Percent,2023,0.0017944021386334,0.0024274824505385,0.0012984334814818
All Population,Incidence,Morocco,Both,60+ years,Alzheimer's disease and other dementias,Percent,2023,0.001637688013768,0.0022082115301107,0.0011706836935457
All Population,Incidence,United Kingdom,Male,60+ years,Alzheimer's disease and other dementias,Number,2023,64960.064640144126,75108.29119313839,53973.76343214925
All Population,Incidence,United Kingdom,Female,60+ years,Alzheimer's disease and other dementias,Number,2023,115680.4365427082,131013.76136965227,97674.06567481474
All Population,Incidence,United Kingdom,Both,60+ years,Alzheimer's disease and other dementias,Number,2023,180640.50118285252,206058.6461440396,151542.56208661868
All Population,Incidence,United Kingdom,Male,60+ years,Alzheimer's disease and other dementias,Percent,2023,0.0020614018424272,0.0024613817338961,0.0016568578783302
All Population,Incidence,United Kingdom,Female,60+ years,Alzheimer's disease and other dementias,Percent,2023,0.0030722473250346,0.0036134218021805,0.0025330398898344
All Population,Incidence,United Kingdom,Both,60+ years,Alzheimer's disease and other dementias,Percent,2023,0.0026116338011694,0.0030851467743563,0.0021346098504532
All Population,Incidence,Côte d'Ivoire,Male,60+ years,Alzheimer's disease and other dementias,Number,2023,2181.664787419008,2534.583284109222,1843.5208641525217
All Population,Incidence,Côte d'Ivoire,Female,60+ years,Alzheimer's disease and other dementias,Number,2023,3225.289469639845,3735.642507219434,2743.7528244698647
All Population,Incidence,Côte d'Ivoire,Both,60+ years,Alzheimer's disease and other dementias,Number,2023,5406.954257058856,6268.59074223556,4580.808170595876
All Population,Incidence,Côte d'Ivoire,Male,60+ years,Alzheimer's disease and other dementias,Percent,2023,0.0007177820801083,0.0010444395442782,0.0005392192155783
All Population,Incidence,Côte d'Ivoire,Female,60+ years,Alzheimer's disease and other dementias,Percent,2023,0.0010168867968664,0.0014098719450663,0.0007737615803023
All Population,Incidence,Côte d'Ivoire,Both,60+ years,Alzheimer's disease and other dementias,Percent,2023,0.0008703581147006,0.0012233548987264,0.0006599002163503
All Population,Incidence,Tajikistan,Male,60+ years,Alzheimer's disease and other dementias,Number,2023,1370.4008503744703,1584.7747154528363,1150.324116948958
All Population,Incidence,Tajikistan,Female,60+ years,Alzheimer's disease and other dementias,Number,2023,1728.736590891308,1973.6015322260637,1462.6813634728542
All Population,Incidence,Tajikistan,Both,60+ years,Alzheimer's disease and other dementias,Number,2023,3099.1374412657788,3562.812088423324,2624.757482699874
All Population,Incidence,Tajikistan,Male,60+ years,Alzheimer's disease and other dementias,Percent,2023,0.0012712174224232,0.0016029062062915,0.0009589291972534
All Population,Incidence,Tajikistan,Female,60+ years,Alzheimer's disease and other dementias,Percent,2023,0.0014023290261521,0.0017194951447514,0.0010676465026207
All Population,Incidence,Tajikistan,Both,60+ years,Alzheimer's disease and other dementias,Percent,2023,0.001341037266313,0.0016655387202189,0.0010185108288623
All Population,Incidence,Bhutan,Male,60+ years,Alzheimer's disease and other dementias,Number,2023,179.45205088415403,207.0547804844638,148.92374462350213
All Population,Incidence,Bhutan,Female,60+ years,Alzheimer's disease and other dementias,Number,2023,212.84987699852104,247.0604390449724,178.6577612169214
All Population,Incidence,Bhutan,Both,60+ years,Alzheimer's disease and other dementias,Number,2023,392.301927882675,454.8960461008186,327.9791036392919
All Population,Incidence,Bhutan,Male,60+ years,Alzheimer's disease and other dementias,Percent,2023,0.0010835349770222,0.0014531068510498,0.000697014637636
All Population,Incidence,Bhutan,Female,60+ years,Alzheimer's disease and other dementias,Percent,2023,0.0012097230509787,0.0016263398143657,0.0007791791857447
All Population,Incidence,Bhutan,Both,60+ years,Alzheimer's disease and other dementias,Percent,2023,0.0011484058943713,0.0015412378383066,0.0007450575524762
All Population,Incidence,Ireland,Male,60+ years,Alzheimer's disease and other dementias,Number,2023,3912.5606825170057,4589.575894824259,3182.227941083432
All Population,Incidence,Ireland,Female,60+ years,Alzheimer's disease and other dementias,Number,2023,5798.550557031321,6663.75224755455,4774.134375483116
All Population,Incidence,Ireland,Both,60+ years,Alzheimer's disease and other dementias,Number,2023,9711.111239548329,11220.434400956425,8011.18385214178
All Population,Incidence,Ireland,Male,60+ years,Alzheimer's disease and other dementias,Percent,2023,0.0019086288619476,0.0022595117268756,0.0015121192970787
All Population,Incidence,Ireland,Female,60+ years,Alzheimer's disease and other dementias,Percent,2023,0.0024674703655316,0.0028761772274184,0.0019964631043103
All Population,Incidence,Ireland,Both,60+ years,Alzheimer's disease and other dementias,Percent,2023,0.002206961670095,0.002582348150763,0.0017695346186946
All Population,Incidence,Niue,Male,60+ years,Alzheimer's disease and other dementias,Number,2023,0.5061614564955706,0.5862540590803131,0.4144948209877079
All Population,Incidence,Niue,Female,60+ years,Alzheimer's disease and other dementias,Number,2023,1.436821140593623,1.6781419557546626,1.1893505589717073
All Population,Incidence,Niue,Both,60+ years,Alzheimer's disease and other dementias,Number,2023,1.9429825970891963,2.254601919067156,1.6125761409437316
All Population,Incidence,Niue,Male,60+ years,Alzheimer's disease and other dementias,Percent,2023,0.0011201320157442,0.0013491407428305,0.0008984371731087
All Population,Incidence,Niue,Female,60+ years,Alzheimer's disease and other dementias,Percent,2023,0.0022357653926952,0.002651729768458,0.001808639972092
All Population,Incidence,Niue,Both,60+ years,Alzheimer's disease and other dementias,Percent,2023,0.001774860406917,0.0021244873618731,0.0014406167025611
All Population,Incidence,Solomon Islands,Male,60+ years,Alzheimer's disease and other dementias,Number,2023,94.10668644033424,110.98412171913448,77.34339263605034
All Population,Incidence,Solomon Islands,Female,60+ years,Alzheimer's disease and other dementias,Number,2023,129.21335481818616,153.3862097097661,105.01768051110436
All Population,Incidence,Solomon Islands,Both,60+ years,Alzheimer's disease and other dementias,Number,2023,223.3200412585204,261.30195515129583,182.5791040550234
All Population,Incidence,Solomon Islands,Male,60+ years,Alzheimer's disease and other dementias,Percent,2023,0.0010319180531544,0.001269412807578,0.0008114136425505
All Population,Incidence,Solomon Islands,Female,60+ years,Alzheimer's disease and other dementias,Percent,2023,0.0012975417926019,0.001578609150774,0.0010140319453927
All Population,Incidence,Solomon Islands,Both,60+ years,Alzheimer's disease and other dementias,Percent,2023,0.00117046478783,0.0014220691971718,0.0009189772332615
All Population,Incidence,Maldives,Male,60+ years,Alzheimer's disease and other dementias,Number,2023,66.15898552191847,76.80874582760799,54.74047988794894
All Population,Incidence,Maldives,Female,60+ years,Alzheimer's disease and other dementias,Number,2023,77.98126996740663,91.24416361771624,64.18006268924917
All Population,Incidence,Maldives,Both,60+ years,Alzheimer's disease and other dementias,Number,2023,144.14025548932506,167.78698384451002,119.52434754049509
All Population,Incidence,Maldives,Male,60+ years,Alzheimer's disease and other dementias,Percent,2023,0.0009691412649147,0.0012129415058328,0.0007772242449106
All Population,Incidence,Maldives,Female,60+ years,Alzheimer's disease and other dementias,Percent,2023,0.0011566969985157,0.0014425097463505,0.0009333926842018
All Population,Incidence,Maldives,Both,60+ years,Alzheimer's disease and other dementias,Percent,2023,0.0010621712827188,0.0013249669230237,0.0008542439079643
All Population,Incidence,Uganda,Male,60+ years,Alzheimer's disease and other dementias,Number,2023,3261.666386260157,3773.624495918341,2712.949412883148
All Population,Incidence,Uganda,Female,60+ years,Alzheimer's disease and other dementias,Number,2023,7645.667395283041,8811.796038023216,6468.885823729323
All Population,Incidence,Uganda,Both,60+ years,Alzheimer's disease and other dementias,Number,2023,10907.333781543197,12544.49402724179,9206.267848253035
All Population,Incidence,Uganda,Male,60+ years,Alzheimer's disease and other dementias,Percent,2023,0.0009565499651376,0.0011838046315012,0.0006261450608828
All Population,Incidence,Uganda,Female,60+ years,Alzheimer's disease and other dementias,Percent,2023,0.0016217364998826,0.001977901383225,0.0010827446988968
All Population,Incidence,Uganda,Both,60+ years,Alzheimer's disease and other dementias,Percent,2023,0.0013424176132751,0.0016468932568546,0.0008912974865257
All Population,Incidence,Senegal,Male,60+ years,Alzheimer's disease and other dementias,Number,2023,1823.996215073846,2135.665900065527,1514.9664180877328
All Population,Incidence,Senegal,Female,60+ years,Alzheimer's disease and other dementias,Number,2023,3039.8622176298422,3511.0069311045127,2562.022746315577
All Population,Incidence,Senegal,Both,60+ years,Alzheimer's disease and other dementias,Number,2023,4863.858432703692,5632.55138843434,4077.511302105013
All Population,Incidence,Senegal,Male,60+ years,Alzheimer's disease and other dementias,Percent,2023,0.0009034118582198,0.0012253424368517,0.0006027080296752
All Population,Incidence,Senegal,Female,60+ years,Alzheimer's disease and other dementias,Percent,2023,0.0013288983906573,0.0018162416160474,0.0009071263284567
All Population,Incidence,Senegal,Both,60+ years,Alzheimer's disease and other dementias,Percent,2023,0.0011292600384991,0.0015437550210612,0.0007646589911003
All Population,Incidence,Oman,Male,60+ years,Alzheimer's disease and other dementias,Number,2023,534.2110068562038,623.0706416416842,423.6836064097424
All Population,Incidence,Oman,Female,60+ years,Alzheimer's disease and other dementias,Number,2023,778.1519381586548,908.367447080282,649.4281715094817
All Population,Incidence,Oman,Both,60+ years,Alzheimer's disease and other dementias,Number,2023,1312.3629450148594,1539.6968143605463,1086.2780459932064
All Population,Incidence,Oman,Male,60+ years,Alzheimer's disease and other dementias,Percent,2023,0.0013010037357406,0.0017038654882895,0.000919630437032
All Population,Incidence,Oman,Female,60+ years,Alzheimer's disease and other dementias,Percent,2023,0.0020292509179195,0.0025754945182313,0.001549482272528
All Population,Incidence,Oman,Both,60+ years,Alzheimer's disease and other dementias,Percent,2023,0.0016521965859016,0.0021153094359416,0.001217685020112
All Population,Incidence,Germany,Male,60+ years,Alzheimer's disease and other dementias,Number,2023,130507.15936134924,149443.80128355016,112700.5112106724
All Population,Incidence,Germany,Female,60+ years,Alzheimer's disease and other dementias,Number,2023,236975.98931740396,260113.3758458352,206767.3059077243
All Population,Incidence,Germany,Both,60+ years,Alzheimer's disease and other dementias,Number,2023,367483.1486787532,408511.6340695592,320253.4050156532
All Population,Incidence,Germany,Male,60+ years,Alzheimer's disease and other dementias,Percent,2023,0.0027804213196741,0.0033078061644352,0.0023413329799849
All Population,Incidence,Germany,Female,60+ years,Alzheimer's disease and other dementias,Percent,2023,0.0039715393521551,0.0045816837726808,0.00338936201452
All Population,Incidence,Germany,Both,60+ years,Alzheimer's disease and other dementias,Percent,2023,0.0034468689886177,0.004014216852699,0.0029365432741246
All Population,Incidence,Romania,Male,60+ years,Alzheimer's disease and other dementias,Number,2023,11839.233296616943,13733.8025211668,9764.890555295511
All Population,Incidence,Romania,Female,60+ years,Alzheimer's disease and other dementias,Number,2023,25537.35939306868,29782.134194229096,21487.75189367745
All Population,Incidence,Romania,Both,60+ years,Alzheimer's disease and other dementias,Number,2023,37376.59268968562,43215.67730562276,31307.42641030882
All Population,Incidence,Romania,Male,60+ years,Alzheimer's disease and other dementias,Percent,2023,0.001572364324386,0.0021111533547912,0.0009914539526699
All Population,Incidence,Romania,Female,60+ years,Alzheimer's disease and other dementias,Percent,2023,0.0023157407591389,0.0030626779645336,0.0015451719906285
All Population,Incidence,Romania,Both,60+ years,Alzheimer's disease and other dementias,Percent,2023,0.0020139957605616,0.0026890344161457,0.0013097740687591
All Population,Incidence,India,Male,60+ years,Alzheimer's disease and other dementias,Number,2023,291542.1330857631,337929.83144424506,241122.14335113743
All Population,Incidence,India,Female,60+ years,Alzheimer's disease and other dementias,Number,2023,395149.41479128366,457668.1454405744,330135.5240542372
All Population,Incidence,India,Both,60+ years,Alzheimer's disease and other dementias,Number,2023,686691.5478770465,793924.4834160685,571041.75899352
All Population,Incidence,India,Male,60+ years,Alzheimer's disease and other dementias,Percent,2023,0.000955549022361,0.0011676814034321,0.0007632437567226
All Population,Incidence,India,Female,60+ years,Alzheimer's disease and other dementias,Percent,2023,0.0009886985340016,0.0011863341613013,0.0008083915664133
All Population,Incidence,India,Both,60+ years,Alzheimer's disease and other dementias,Percent,2023,0.0009742851242106,0.0011754519364029,0.0007887076238328
All Population,Incidence,Ecuador,Male,60+ years,Alzheimer's disease and other dementias,Number,2023,5141.626162658292,5964.649093341099,4274.918987286588
All Population,Incidence,Ecuador,Female,60+ years,Alzheimer's disease and other dementias,Number,2023,7667.59908412839,8850.829208952182,6494.57464144005
All Population,Incidence,Ecuador,Both,60+ years,Alzheimer's disease and other dementias,Number,2023,12809.225246786684,14756.914319861204,10798.005379540084
All Population,Incidence,Ecuador,Male,60+ years,Alzheimer's disease and other dementias,Percent,2023,0.0009989450028649,0.0012529973064247,0.0008089580410364
All Population,Incidence,Ecuador,Female,60+ years,Alzheimer's disease and other dementias,Percent,2023,0.0012324909529008,0.0015278062331145,0.0010060827759739
All Population,Incidence,Ecuador,Both,60+ years,Alzheimer's disease and other dementias,Percent,2023,0.0011266921150312,0.0014087667283556,0.0009167018140376
All Population,Incidence,Sierra Leone,Male,60+ years,Alzheimer's disease and other dementias,Number,2023,649.243288215373,754.7922817509237,537.3805409626672
All Population,Incidence,Sierra Leone,Female,60+ years,Alzheimer's disease and other dementias,Number,2023,1076.7040393039492,1260.6106631716452,913.902017029338
All Population,Incidence,Sierra Leone,Both,60+ years,Alzheimer's disease and other dementias,Number,2023,1725.9473275193225,2011.91164288778,1458.7732687822968
All Population,Incidence,Sierra Leone,Male,60+ years,Alzheimer's disease and other dementias,Percent,2023,0.0007869478729626,0.0009701019397918,0.0006267879831366
All Population,Incidence,Sierra Leone,Female,60+ years,Alzheimer's disease and other dementias,Percent,2023,0.0012645503482184,0.0015558589458952,0.0010128441739016
All Population,Incidence,Sierra Leone,Both,60+ years,Alzheimer's disease and other dementias,Percent,2023,0.0010294091037903,0.0012746660634464,0.000824816382959
All Population,Incidence,Puerto Rico,Male,60+ years,Alzheimer's disease and other dementias,Number,2023,3742.944931791584,4377.487212143257,3144.8890842849537
All Population,Incidence,Puerto Rico,Female,60+ years,Alzheimer's disease and other dementias,Number,2023,6106.43733372084,7065.902085880329,5131.895168386167
All Population,Incidence,Puerto Rico,Both,60+ years,Alzheimer's disease and other dementias,Number,2023,9849.382265512417,11425.749241661471,8324.031128807772
All Population,Incidence,Puerto Rico,Male,60+ years,Alzheimer's disease and other dementias,Percent,2023,0.0017351578785968,0.002096320506206,0.0014286557962886
All Population,Incidence,Puerto Rico,Female,60+ years,Alzheimer's disease and other dementias,Percent,2023,0.0021702201312813,0.0025890064643379,0.0018051980383183
All Population,Incidence,Puerto Rico,Both,60+ years,Alzheimer's disease and other dementias,Percent,2023,0.0019812956547608,0.00237031426369,0.0016398649282494
All Population,Incidence,Zambia,Male,60+ years,Alzheimer's disease and other dementias,Number,2023,1178.2066208421595,1382.957428600593,983.8205296984077
All Population,Incidence,Zambia,Female,60+ years,Alzheimer's disease and other dementias,Number,2023,2437.5349761411358,2829.978573781808,2043.8097466930053
All Population,Incidence,Zambia,Both,60+ years,Alzheimer's disease and other dementias,Number,2023,3615.741596983293,4208.27678823229,3035.4820207685525
All Population,Incidence,Zambia,Male,60+ years,Alzheimer's disease and other dementias,Percent,2023,0.000870769744747,0.0012196425145338,0.0006019971246766
All Population,Incidence,Zambia,Female,60+ years,Alzheimer's disease and other dementias,Percent,2023,0.0013590924366238,0.0018683132892923,0.0009990672135988
All Population,Incidence,Zambia,Both,60+ years,Alzheimer's disease and other dementias,Percent,2023,0.0011488303689561,0.0015884843409118,0.0008224573019908
All Population,Incidence,Djibouti,Male,60+ years,Alzheimer's disease and other dementias,Number,2023,159.29703865575405,186.80586271647545,132.93410036390927
All Population,Incidence,Djibouti,Female,60+ years,Alzheimer's disease and other dementias,Number,2023,241.16408143812595,275.81788417412963,203.62564511855507
All Population,Incidence,Djibouti,Both,60+ years,Alzheimer's disease and other dementias,Number,2023,400.4611200938799,463.4387366227655,337.3775279676033
All Population,Incidence,Djibouti,Male,60+ years,Alzheimer's disease and other dementias,Percent,2023,0.0008813250574202,0.0010807998919133,0.0006759462162886
All Population,Incidence,Djibouti,Female,60+ years,Alzheimer's disease and other dementias,Percent,2023,0.001421140964235,0.0017257648464521,0.0011366846529212
All Population,Incidence,Djibouti,Both,60+ years,Alzheimer's disease and other dementias,Percent,2023,0.0011425816866875,0.0013839029596042,0.000898721513035
All Population,Incidence,Serbia,Male,60+ years,Alzheimer's disease and other dementias,Number,2023,5427.820902750347,6353.446604975744,4439.90409067193
All Population,Incidence,Serbia,Female,60+ years,Alzheimer's disease and other dementias,Number,2023,9230.00737251364,10717.097111029248,7683.238639059804
All Population,Incidence,Serbia,Both,60+ years,Alzheimer's disease and other dementias,Number,2023,14657.828275263972,16885.73716461207,12139.283806731582
All Population,Incidence,Serbia,Male,60+ years,Alzheimer's disease and other dementias,Percent,2023,0.00132299318757,0.0017521775429887,0.0009458664455104
All Population,Incidence,Serbia,Female,60+ years,Alzheimer's disease and other dementias,Percent,2023,0.0017341935811204,0.0022722745259199,0.001274877457376
All Population,Incidence,Serbia,Both,60+ years,Alzheimer's disease and other dementias,Percent,2023,0.0015551385887875,0.0020376748969422,0.0011273262909067
All Population,Incidence,Slovenia,Male,60+ years,Alzheimer's disease and other dementias,Number,2023,1646.3429352657274,1938.4139006089877,1347.560674170833
All Population,Incidence,Slovenia,Female,60+ years,Alzheimer's disease and other dementias,Number,2023,3213.079926992164,3714.7392326660975,2710.2401883741286
All Population,Incidence,Slovenia,Both,60+ years,Alzheimer's disease and other dementias,Number,2023,4859.4228622578885,5644.550673442732,4067.5181064208896
All Population,Incidence,Slovenia,Male,60+ years,Alzheimer's disease and other dementias,Percent,2023,0.0014877688407631,0.0019232999798152,0.0011234064718052
All Population,Incidence,Slovenia,Female,60+ years,Alzheimer's disease and other dementias,Percent,2023,0.0022296419612749,0.0028165410198394,0.0017234773882966
All Population,Incidence,Slovenia,Both,60+ years,Alzheimer's disease and other dementias,Percent,2023,0.0019072290841657,0.0024296210424604,0.0014777417227073
All Population,Incidence,Saint Kitts and Nevis,Male,60+ years,Alzheimer's disease and other dementias,Number,2023,17.519422662674714,20.12485613745548,14.626154656696295
All Population,Incidence,Saint Kitts and Nevis,Female,60+ years,Alzheimer's disease and other dementias,Number,2023,27.656735589271737,31.50633568562624,23.90808526174885
All Population,Incidence,Saint Kitts and Nevis,Both,60+ years,Alzheimer's disease and other dementias,Number,2023,45.17615825194645,51.46420917249666,38.67408289895083
All Population,Incidence,Saint Kitts and Nevis,Male,60+ years,Alzheimer's disease and other dementias,Percent,2023,0.0010794943427809,0.0013744287008137,0.0007871170283941
All Population,Incidence,Saint Kitts and Nevis,Female,60+ years,Alzheimer's disease and other dementias,Percent,2023,0.0014829607217471,0.0018396316933415,0.0011089949554846
All Population,Incidence,Saint Kitts and Nevis,Both,60+ years,Alzheimer's disease and other dementias,Percent,2023,0.0012951208216829,0.0016173725657481,0.0009631392431333
All Population,Incidence,Peru,Male,60+ years,Alzheimer's disease and other dementias,Number,2023,10444.629266018814,12407.466633376918,8742.39074853043
All Population,Incidence,Peru,Female,60+ years,Alzheimer's disease and other dementias,Number,2023,15947.246362140664,18574.43450201224,13517.663249594314
All Population,Incidence,Peru,Both,60+ years,Alzheimer's disease and other dementias,Number,2023,26391.87562815948,30852.40903743876,22262.45015812565
All Population,Incidence,Peru,Male,60+ years,Alzheimer's disease and other dementias,Percent,2023,0.000933337469721,0.0011683901699747,0.0007454953202638
All Population,Incidence,Peru,Female,60+ years,Alzheimer's disease and other dementias,Percent,2023,0.0011816629514083,0.0014491287057692,0.000950255419563
All Population,Incidence,Peru,Both,60+ years,Alzheimer's disease and other dementias,Percent,2023,0.0010690204205967,0.0013236055004426,0.0008568315206959
